DATAFLOW,LAST UPDATE,freq,unit,s_adj,na_item,geo,TIME_PERIOD,OBS_VALUE,OBS_FLAG,CONF_STATUS
ESTAT:NAMQ_10_GDP(1.0),05/03/26 11:00:00,Quarterly,"Chain linked volumes (2020), million euro",Seasonally and calendar adjusted data,Gross domestic product at market prices,Austria,2022-Q1,102880.4,,
ESTAT:NAMQ_10_GDP(1.0),05/03/26 11:00:00,Quarterly,"Chain linked volumes (2020), million euro",Seasonally and calendar adjusted data,Gross domestic product at market prices,Austria,2022-Q2,105870.7,,
ESTAT:NAMQ_10_GDP(1.0),05/03/26 11:00:00,Quarterly,"Chain linked volumes (2020), million euro",Seasonally and calendar adjusted data,Gross domestic product at market prices,Austria,2022-Q3,105859.0,,
ESTAT:NAMQ_10_GDP(1.0),05/03/26 11:00:00,Quarterly,"Chain linked volumes (2020), million euro",Seasonally and calendar adjusted data,Gross domestic product at market prices,Austria,2022-Q4,105853.9,,
ESTAT:NAMQ_10_GDP(1.0),05/03/26 11:00:00,Quarterly,"Chain linked volumes (2020), million euro",Seasonally and calendar adjusted data,Gross domestic product at market prices,Austria,2023-Q1,105770.6,,
ESTAT:NAMQ_10_GDP(1.0),05/03/26 11:00:00,Quarterly,"Chain linked volumes (2020), million euro",Seasonally and calendar adjusted data,Gross domestic product at market prices,Austria,2023-Q2,104455.7,,
ESTAT:NAMQ_10_GDP(1.0),05/03/26 11:00:00,Quarterly,"Chain linked volumes (2020), million euro",Seasonally and calendar adjusted data,Gross domestic product at market prices,Austria,2023-Q3,103926.8,,
ESTAT:NAMQ_10_GDP(1.0),05/03/26 11:00:00,Quarterly,"Chain linked volumes (2020), million euro",Seasonally and calendar adjusted data,Gross domestic product at market prices,Austria,2023-Q4,103468.0,,
ESTAT:NAMQ_10_GDP(1.0),05/03/26 11:00:00,Quarterly,"Chain linked volumes (2020), million euro",Seasonally and calendar adjusted data,Gross domestic product at market prices,Austria,2024-Q1,103626.3,,
ESTAT:NAMQ_10_GDP(1.0),05/03/26 11:00:00,Quarterly,"Chain linked volumes (2020), million euro",Seasonally and calendar adjusted data,Gross domestic product at market prices,Austria,2024-Q2,103401.6,,
ESTAT:NAMQ_10_GDP(1.0),05/03/26 11:00:00,Quarterly,"Chain linked volumes (2020), million euro",Seasonally and calendar adjusted data,Gross domestic product at market prices,Austria,2024-Q3,103304.4,,
ESTAT:NAMQ_10_GDP(1.0),05/03/26 11:00:00,Quarterly,"Chain linked volumes (2020), million euro",Seasonally and calendar adjusted data,Gross domestic product at market prices,Austria,2024-Q4,103792.4,,
ESTAT:NAMQ_10_GDP(1.0),05/03/26 11:00:00,Quarterly,"Chain linked volumes (2020), million euro",Seasonally and calendar adjusted data,Gross domestic product at market prices,Austria,2025-Q1,104074.5,,
ESTAT:NAMQ_10_GDP(1.0),05/03/26 11:00:00,Quarterly,"Chain linked volumes (2020), million euro",Seasonally and calendar adjusted data,Gross domestic product at market prices,Austria,2025-Q2,104122.0,,
ESTAT:NAMQ_10_GDP(1.0),05/03/26 11:00:00,Quarterly,"Chain linked volumes (2020), million euro",Seasonally and calendar adjusted data,Gross domestic product at market prices,Austria,2025-Q3,104462.0,,
ESTAT:NAMQ_10_GDP(1.0),05/03/26 11:00:00,Quarterly,"Chain linked volumes (2020), million euro",Seasonally and calendar adjusted data,Gross domestic product at market prices,Austria,2025-Q4,104484.7,,
ESTAT:NAMQ_10_GDP(1.0),05/03/26 11:00:00,Quarterly,"Chain linked volumes (2020), million euro",Seasonally and calendar adjusted data,Gross domestic product at market prices,Belgium,2022-Q1,126427.6,,
ESTAT:NAMQ_10_GDP(1.0),05/03/26 11:00:00,Quarterly,"Chain linked volumes (2020), million euro",Seasonally and calendar adjusted data,Gross domestic product at market prices,Belgium,2022-Q2,127821.3,,
ESTAT:NAMQ_10_GDP(1.0),05/03/26 11:00:00,Quarterly,"Chain linked volumes (2020), million euro",Seasonally and calendar adjusted data,Gross domestic product at market prices,Belgium,2022-Q3,128764.5,,
ESTAT:NAMQ_10_GDP(1.0),05/03/26 11:00:00,Quarterly,"Chain linked volumes (2020), million euro",Seasonally and calendar adjusted data,Gross domestic product at market prices,Belgium,2022-Q4,129237.3,,
ESTAT:NAMQ_10_GDP(1.0),05/03/26 11:00:00,Quarterly,"Chain linked volumes (2020), million euro",Seasonally and calendar adjusted data,Gross domestic product at market prices,Belgium,2023-Q1,129679.0,,
ESTAT:NAMQ_10_GDP(1.0),05/03/26 11:00:00,Quarterly,"Chain linked volumes (2020), million euro",Seasonally and calendar adjusted data,Gross domestic product at market prices,Belgium,2023-Q2,130131.9,,
ESTAT:NAMQ_10_GDP(1.0),05/03/26 11:00:00,Quarterly,"Chain linked volumes (2020), million euro",Seasonally and calendar adjusted data,Gross domestic product at market prices,Belgium,2023-Q3,130389.6,,
ESTAT:NAMQ_10_GDP(1.0),05/03/26 11:00:00,Quarterly,"Chain linked volumes (2020), million euro",Seasonally and calendar adjusted data,Gross domestic product at market prices,Belgium,2023-Q4,130830.7,,
ESTAT:NAMQ_10_GDP(1.0),05/03/26 11:00:00,Quarterly,"Chain linked volumes (2020), million euro",Seasonally and calendar adjusted data,Gross domestic product at market prices,Belgium,2024-Q1,131297.8,p,
ESTAT:NAMQ_10_GDP(1.0),05/03/26 11:00:00,Quarterly,"Chain linked volumes (2020), million euro",Seasonally and calendar adjusted data,Gross domestic product at market prices,Belgium,2024-Q2,131527.9,p,
ESTAT:NAMQ_10_GDP(1.0),05/03/26 11:00:00,Quarterly,"Chain linked volumes (2020), million euro",Seasonally and calendar adjusted data,Gross domestic product at market prices,Belgium,2024-Q3,131797.9,p,
ESTAT:NAMQ_10_GDP(1.0),05/03/26 11:00:00,Quarterly,"Chain linked volumes (2020), million euro",Seasonally and calendar adjusted data,Gross domestic product at market prices,Belgium,2024-Q4,131986.0,p,
ESTAT:NAMQ_10_GDP(1.0),05/03/26 11:00:00,Quarterly,"Chain linked volumes (2020), million euro",Seasonally and calendar adjusted data,Gross domestic product at market prices,Belgium,2025-Q1,132507.3,p,
ESTAT:NAMQ_10_GDP(1.0),05/03/26 11:00:00,Quarterly,"Chain linked volumes (2020), million euro",Seasonally and calendar adjusted data,Gross domestic product at market prices,Belgium,2025-Q2,132816.0,p,
ESTAT:NAMQ_10_GDP(1.0),05/03/26 11:00:00,Quarterly,"Chain linked volumes (2020), million euro",Seasonally and calendar adjusted data,Gross domestic product at market prices,Belgium,2025-Q3,133155.9,p,
ESTAT:NAMQ_10_GDP(1.0),05/03/26 11:00:00,Quarterly,"Chain linked volumes (2020), million euro",Seasonally and calendar adjusted data,Gross domestic product at market prices,Belgium,2025-Q4,133304.5,p,
ESTAT:NAMQ_10_GDP(1.0),05/03/26 11:00:00,Quarterly,"Chain linked volumes (2020), million euro",Seasonally and calendar adjusted data,Gross domestic product at market prices,Bulgaria,2022-Q1,17136.8,,
ESTAT:NAMQ_10_GDP(1.0),05/03/26 11:00:00,Quarterly,"Chain linked volumes (2020), million euro",Seasonally and calendar adjusted data,Gross domestic product at market prices,Bulgaria,2022-Q2,17278.9,,
ESTAT:NAMQ_10_GDP(1.0),05/03/26 11:00:00,Quarterly,"Chain linked volumes (2020), million euro",Seasonally and calendar adjusted data,Gross domestic product at market prices,Bulgaria,2022-Q3,17378.8,,
ESTAT:NAMQ_10_GDP(1.0),05/03/26 11:00:00,Quarterly,"Chain linked volumes (2020), million euro",Seasonally and calendar adjusted data,Gross domestic product at market prices,Bulgaria,2022-Q4,17447.0,,
ESTAT:NAMQ_10_GDP(1.0),05/03/26 11:00:00,Quarterly,"Chain linked volumes (2020), million euro",Seasonally and calendar adjusted data,Gross domestic product at market prices,Bulgaria,2023-Q1,17509.2,,
ESTAT:NAMQ_10_GDP(1.0),05/03/26 11:00:00,Quarterly,"Chain linked volumes (2020), million euro",Seasonally and calendar adjusted data,Gross domestic product at market prices,Bulgaria,2023-Q2,17540.3,,
ESTAT:NAMQ_10_GDP(1.0),05/03/26 11:00:00,Quarterly,"Chain linked volumes (2020), million euro",Seasonally and calendar adjusted data,Gross domestic product at market prices,Bulgaria,2023-Q3,17628.1,,
ESTAT:NAMQ_10_GDP(1.0),05/03/26 11:00:00,Quarterly,"Chain linked volumes (2020), million euro",Seasonally and calendar adjusted data,Gross domestic product at market prices,Bulgaria,2023-Q4,17741.1,,
ESTAT:NAMQ_10_GDP(1.0),05/03/26 11:00:00,Quarterly,"Chain linked volumes (2020), million euro",Seasonally and calendar adjusted data,Gross domestic product at market prices,Bulgaria,2024-Q1,17902.8,,
ESTAT:NAMQ_10_GDP(1.0),05/03/26 11:00:00,Quarterly,"Chain linked volumes (2020), million euro",Seasonally and calendar adjusted data,Gross domestic product at market prices,Bulgaria,2024-Q2,18081.8,,
ESTAT:NAMQ_10_GDP(1.0),05/03/26 11:00:00,Quarterly,"Chain linked volumes (2020), million euro",Seasonally and calendar adjusted data,Gross domestic product at market prices,Bulgaria,2024-Q3,18249.1,,
ESTAT:NAMQ_10_GDP(1.0),05/03/26 11:00:00,Quarterly,"Chain linked volumes (2020), million euro",Seasonally and calendar adjusted data,Gross domestic product at market prices,Bulgaria,2024-Q4,18426.4,,
ESTAT:NAMQ_10_GDP(1.0),05/03/26 11:00:00,Quarterly,"Chain linked volumes (2020), million euro",Seasonally and calendar adjusted data,Gross domestic product at market prices,Bulgaria,2025-Q1,18530.1,p,
ESTAT:NAMQ_10_GDP(1.0),05/03/26 11:00:00,Quarterly,"Chain linked volumes (2020), million euro",Seasonally and calendar adjusted data,Gross domestic product at market prices,Bulgaria,2025-Q2,18690.5,p,
ESTAT:NAMQ_10_GDP(1.0),05/03/26 11:00:00,Quarterly,"Chain linked volumes (2020), million euro",Seasonally and calendar adjusted data,Gross domestic product at market prices,Bulgaria,2025-Q3,18821.6,p,
ESTAT:NAMQ_10_GDP(1.0),05/03/26 11:00:00,Quarterly,"Chain linked volumes (2020), million euro",Seasonally and calendar adjusted data,Gross domestic product at market prices,Bulgaria,2025-Q4,18965.3,p,
ESTAT:NAMQ_10_GDP(1.0),05/03/26 11:00:00,Quarterly,"Chain linked volumes (2020), million euro",Seasonally and calendar adjusted data,Gross domestic product at market prices,Cyprus,2022-Q1,6677.1,,
ESTAT:NAMQ_10_GDP(1.0),05/03/26 11:00:00,Quarterly,"Chain linked volumes (2020), million euro",Seasonally and calendar adjusted data,Gross domestic product at market prices,Cyprus,2022-Q2,6700.1,,
ESTAT:NAMQ_10_GDP(1.0),05/03/26 11:00:00,Quarterly,"Chain linked volumes (2020), million euro",Seasonally and calendar adjusted data,Gross domestic product at market prices,Cyprus,2022-Q3,6796.8,,
ESTAT:NAMQ_10_GDP(1.0),05/03/26 11:00:00,Quarterly,"Chain linked volumes (2020), million euro",Seasonally and calendar adjusted data,Gross domestic product at market prices,Cyprus,2022-Q4,6812.2,,
ESTAT:NAMQ_10_GDP(1.0),05/03/26 11:00:00,Quarterly,"Chain linked volumes (2020), million euro",Seasonally and calendar adjusted data,Gross domestic product at market prices,Cyprus,2023-Q1,6897.0,,
ESTAT:NAMQ_10_GDP(1.0),05/03/26 11:00:00,Quarterly,"Chain linked volumes (2020), million euro",Seasonally and calendar adjusted data,Gross domestic product at market prices,Cyprus,2023-Q2,6968.2,,
ESTAT:NAMQ_10_GDP(1.0),05/03/26 11:00:00,Quarterly,"Chain linked volumes (2020), million euro",Seasonally and calendar adjusted data,Gross domestic product at market prices,Cyprus,2023-Q3,7004.2,,
ESTAT:NAMQ_10_GDP(1.0),05/03/26 11:00:00,Quarterly,"Chain linked volumes (2020), million euro",Seasonally and calendar adjusted data,Gross domestic product at market prices,Cyprus,2023-Q4,7093.3,,
ESTAT:NAMQ_10_GDP(1.0),05/03/26 11:00:00,Quarterly,"Chain linked volumes (2020), million euro",Seasonally and calendar adjusted data,Gross domestic product at market prices,Cyprus,2024-Q1,7194.4,,
ESTAT:NAMQ_10_GDP(1.0),05/03/26 11:00:00,Quarterly,"Chain linked volumes (2020), million euro",Seasonally and calendar adjusted data,Gross domestic product at market prices,Cyprus,2024-Q2,7231.5,,
ESTAT:NAMQ_10_GDP(1.0),05/03/26 11:00:00,Quarterly,"Chain linked volumes (2020), million euro",Seasonally and calendar adjusted data,Gross domestic product at market prices,Cyprus,2024-Q3,7298.5,,
ESTAT:NAMQ_10_GDP(1.0),05/03/26 11:00:00,Quarterly,"Chain linked volumes (2020), million euro",Seasonally and calendar adjusted data,Gross domestic product at market prices,Cyprus,2024-Q4,7340.2,,
ESTAT:NAMQ_10_GDP(1.0),05/03/26 11:00:00,Quarterly,"Chain linked volumes (2020), million euro",Seasonally and calendar adjusted data,Gross domestic product at market prices,Cyprus,2025-Q1,7435.2,,
ESTAT:NAMQ_10_GDP(1.0),05/03/26 11:00:00,Quarterly,"Chain linked volumes (2020), million euro",Seasonally and calendar adjusted data,Gross domestic product at market prices,Cyprus,2025-Q2,7493.0,,
ESTAT:NAMQ_10_GDP(1.0),05/03/26 11:00:00,Quarterly,"Chain linked volumes (2020), million euro",Seasonally and calendar adjusted data,Gross domestic product at market prices,Cyprus,2025-Q3,7563.7,,
ESTAT:NAMQ_10_GDP(1.0),05/03/26 11:00:00,Quarterly,"Chain linked volumes (2020), million euro",Seasonally and calendar adjusted data,Gross domestic product at market prices,Cyprus,2025-Q4,7667.5,,
ESTAT:NAMQ_10_GDP(1.0),05/03/26 11:00:00,Quarterly,"Chain linked volumes (2020), million euro",Seasonally and calendar adjusted data,Gross domestic product at market prices,Czechia,2022-Q1,58797.5,,
ESTAT:NAMQ_10_GDP(1.0),05/03/26 11:00:00,Quarterly,"Chain linked volumes (2020), million euro",Seasonally and calendar adjusted data,Gross domestic product at market prices,Czechia,2022-Q2,58975.4,,
ESTAT:NAMQ_10_GDP(1.0),05/03/26 11:00:00,Quarterly,"Chain linked volumes (2020), million euro",Seasonally and calendar adjusted data,Gross domestic product at market prices,Czechia,2022-Q3,59048.6,,
ESTAT:NAMQ_10_GDP(1.0),05/03/26 11:00:00,Quarterly,"Chain linked volumes (2020), million euro",Seasonally and calendar adjusted data,Gross domestic product at market prices,Czechia,2022-Q4,58833.2,,
ESTAT:NAMQ_10_GDP(1.0),05/03/26 11:00:00,Quarterly,"Chain linked volumes (2020), million euro",Seasonally and calendar adjusted data,Gross domestic product at market prices,Czechia,2023-Q1,58951.8,,
ESTAT:NAMQ_10_GDP(1.0),05/03/26 11:00:00,Quarterly,"Chain linked volumes (2020), million euro",Seasonally and calendar adjusted data,Gross domestic product at market prices,Czechia,2023-Q2,59103.8,,
ESTAT:NAMQ_10_GDP(1.0),05/03/26 11:00:00,Quarterly,"Chain linked volumes (2020), million euro",Seasonally and calendar adjusted data,Gross domestic product at market prices,Czechia,2023-Q3,58882.2,,
ESTAT:NAMQ_10_GDP(1.0),05/03/26 11:00:00,Quarterly,"Chain linked volumes (2020), million euro",Seasonally and calendar adjusted data,Gross domestic product at market prices,Czechia,2023-Q4,59119.3,,
ESTAT:NAMQ_10_GDP(1.0),05/03/26 11:00:00,Quarterly,"Chain linked volumes (2020), million euro",Seasonally and calendar adjusted data,Gross domestic product at market prices,Czechia,2024-Q1,59247.3,,
ESTAT:NAMQ_10_GDP(1.0),05/03/26 11:00:00,Quarterly,"Chain linked volumes (2020), million euro",Seasonally and calendar adjusted data,Gross domestic product at market prices,Czechia,2024-Q2,59421.8,,
ESTAT:NAMQ_10_GDP(1.0),05/03/26 11:00:00,Quarterly,"Chain linked volumes (2020), million euro",Seasonally and calendar adjusted data,Gross domestic product at market prices,Czechia,2024-Q3,59775.3,,
ESTAT:NAMQ_10_GDP(1.0),05/03/26 11:00:00,Quarterly,"Chain linked volumes (2020), million euro",Seasonally and calendar adjusted data,Gross domestic product at market prices,Czechia,2024-Q4,60274.5,,
ESTAT:NAMQ_10_GDP(1.0),05/03/26 11:00:00,Quarterly,"Chain linked volumes (2020), million euro",Seasonally and calendar adjusted data,Gross domestic product at market prices,Czechia,2025-Q1,60689.1,,
ESTAT:NAMQ_10_GDP(1.0),05/03/26 11:00:00,Quarterly,"Chain linked volumes (2020), million euro",Seasonally and calendar adjusted data,Gross domestic product at market prices,Czechia,2025-Q2,60964.5,,
ESTAT:NAMQ_10_GDP(1.0),05/03/26 11:00:00,Quarterly,"Chain linked volumes (2020), million euro",Seasonally and calendar adjusted data,Gross domestic product at market prices,Czechia,2025-Q3,61439.0,,
ESTAT:NAMQ_10_GDP(1.0),05/03/26 11:00:00,Quarterly,"Chain linked volumes (2020), million euro",Seasonally and calendar adjusted data,Gross domestic product at market prices,Czechia,2025-Q4,61816.1,,
ESTAT:NAMQ_10_GDP(1.0),05/03/26 11:00:00,Quarterly,"Chain linked volumes (2020), million euro",Seasonally and calendar adjusted data,Gross domestic product at market prices,Germany,2022-Q1,909523.5,p,
ESTAT:NAMQ_10_GDP(1.0),05/03/26 11:00:00,Quarterly,"Chain linked volumes (2020), million euro",Seasonally and calendar adjusted data,Gross domestic product at market prices,Germany,2022-Q2,910903.8,p,
ESTAT:NAMQ_10_GDP(1.0),05/03/26 11:00:00,Quarterly,"Chain linked volumes (2020), million euro",Seasonally and calendar adjusted data,Gross domestic product at market prices,Germany,2022-Q3,913578.1,p,
ESTAT:NAMQ_10_GDP(1.0),05/03/26 11:00:00,Quarterly,"Chain linked volumes (2020), million euro",Seasonally and calendar adjusted data,Gross domestic product at market prices,Germany,2022-Q4,910386.2,p,
ESTAT:NAMQ_10_GDP(1.0),05/03/26 11:00:00,Quarterly,"Chain linked volumes (2020), million euro",Seasonally and calendar adjusted data,Gross domestic product at market prices,Germany,2023-Q1,906094.4,p,
ESTAT:NAMQ_10_GDP(1.0),05/03/26 11:00:00,Quarterly,"Chain linked volumes (2020), million euro",Seasonally and calendar adjusted data,Gross domestic product at market prices,Germany,2023-Q2,905404.2,p,
ESTAT:NAMQ_10_GDP(1.0),05/03/26 11:00:00,Quarterly,"Chain linked volumes (2020), million euro",Seasonally and calendar adjusted data,Gross domestic product at market prices,Germany,2023-Q3,905404.2,p,
ESTAT:NAMQ_10_GDP(1.0),05/03/26 11:00:00,Quarterly,"Chain linked volumes (2020), million euro",Seasonally and calendar adjusted data,Gross domestic product at market prices,Germany,2023-Q4,902902.4,p,
ESTAT:NAMQ_10_GDP(1.0),05/03/26 11:00:00,Quarterly,"Chain linked volumes (2020), million euro",Seasonally and calendar adjusted data,Gross domestic product at market prices,Germany,2024-Q1,901932.0,p,
ESTAT:NAMQ_10_GDP(1.0),05/03/26 11:00:00,Quarterly,"Chain linked volumes (2020), million euro",Seasonally and calendar adjusted data,Gross domestic product at market prices,Germany,2024-Q2,899602.7,p,
ESTAT:NAMQ_10_GDP(1.0),05/03/26 11:00:00,Quarterly,"Chain linked volumes (2020), million euro",Seasonally and calendar adjusted data,Gross domestic product at market prices,Germany,2024-Q3,899775.2,p,
ESTAT:NAMQ_10_GDP(1.0),05/03/26 11:00:00,Quarterly,"Chain linked volumes (2020), million euro",Seasonally and calendar adjusted data,Gross domestic product at market prices,Germany,2024-Q4,901414.4,p,
ESTAT:NAMQ_10_GDP(1.0),05/03/26 11:00:00,Quarterly,"Chain linked volumes (2020), million euro",Seasonally and calendar adjusted data,Gross domestic product at market prices,Germany,2025-Q1,904714.1,p,
ESTAT:NAMQ_10_GDP(1.0),05/03/26 11:00:00,Quarterly,"Chain linked volumes (2020), million euro",Seasonally and calendar adjusted data,Gross domestic product at market prices,Germany,2025-Q2,902902.4,p,
ESTAT:NAMQ_10_GDP(1.0),05/03/26 11:00:00,Quarterly,"Chain linked volumes (2020), million euro",Seasonally and calendar adjusted data,Gross domestic product at market prices,Germany,2025-Q3,902643.6,p,
ESTAT:NAMQ_10_GDP(1.0),05/03/26 11:00:00,Quarterly,"Chain linked volumes (2020), million euro",Seasonally and calendar adjusted data,Gross domestic product at market prices,Germany,2025-Q4,905318.0,p,
ESTAT:NAMQ_10_GDP(1.0),05/03/26 11:00:00,Quarterly,"Chain linked volumes (2020), million euro",Seasonally and calendar adjusted data,Gross domestic product at market prices,Denmark,2022-Q1,82077.9,,
ESTAT:NAMQ_10_GDP(1.0),05/03/26 11:00:00,Quarterly,"Chain linked volumes (2020), million euro",Seasonally and calendar adjusted data,Gross domestic product at market prices,Denmark,2022-Q2,83562.8,,
ESTAT:NAMQ_10_GDP(1.0),05/03/26 11:00:00,Quarterly,"Chain linked volumes (2020), million euro",Seasonally and calendar adjusted data,Gross domestic product at market prices,Denmark,2022-Q3,84687.5,,
ESTAT:NAMQ_10_GDP(1.0),05/03/26 11:00:00,Quarterly,"Chain linked volumes (2020), million euro",Seasonally and calendar adjusted data,Gross domestic product at market prices,Denmark,2022-Q4,83553.9,,
ESTAT:NAMQ_10_GDP(1.0),05/03/26 11:00:00,Quarterly,"Chain linked volumes (2020), million euro",Seasonally and calendar adjusted data,Gross domestic product at market prices,Denmark,2023-Q1,84509.6,,
ESTAT:NAMQ_10_GDP(1.0),05/03/26 11:00:00,Quarterly,"Chain linked volumes (2020), million euro",Seasonally and calendar adjusted data,Gross domestic product at market prices,Denmark,2023-Q2,83525.2,,
ESTAT:NAMQ_10_GDP(1.0),05/03/26 11:00:00,Quarterly,"Chain linked volumes (2020), million euro",Seasonally and calendar adjusted data,Gross domestic product at market prices,Denmark,2023-Q3,83184.7,,
ESTAT:NAMQ_10_GDP(1.0),05/03/26 11:00:00,Quarterly,"Chain linked volumes (2020), million euro",Seasonally and calendar adjusted data,Gross domestic product at market prices,Denmark,2023-Q4,84681.3,,
ESTAT:NAMQ_10_GDP(1.0),05/03/26 11:00:00,Quarterly,"Chain linked volumes (2020), million euro",Seasonally and calendar adjusted data,Gross domestic product at market prices,Denmark,2024-Q1,85245.4,,
ESTAT:NAMQ_10_GDP(1.0),05/03/26 11:00:00,Quarterly,"Chain linked volumes (2020), million euro",Seasonally and calendar adjusted data,Gross domestic product at market prices,Denmark,2024-Q2,86848.1,,
ESTAT:NAMQ_10_GDP(1.0),05/03/26 11:00:00,Quarterly,"Chain linked volumes (2020), million euro",Seasonally and calendar adjusted data,Gross domestic product at market prices,Denmark,2024-Q3,87256.3,,
ESTAT:NAMQ_10_GDP(1.0),05/03/26 11:00:00,Quarterly,"Chain linked volumes (2020), million euro",Seasonally and calendar adjusted data,Gross domestic product at market prices,Denmark,2024-Q4,88233.0,,
ESTAT:NAMQ_10_GDP(1.0),05/03/26 11:00:00,Quarterly,"Chain linked volumes (2020), million euro",Seasonally and calendar adjusted data,Gross domestic product at market prices,Denmark,2025-Q1,87455.1,,
ESTAT:NAMQ_10_GDP(1.0),05/03/26 11:00:00,Quarterly,"Chain linked volumes (2020), million euro",Seasonally and calendar adjusted data,Gross domestic product at market prices,Denmark,2025-Q2,88624.6,,
ESTAT:NAMQ_10_GDP(1.0),05/03/26 11:00:00,Quarterly,"Chain linked volumes (2020), million euro",Seasonally and calendar adjusted data,Gross domestic product at market prices,Denmark,2025-Q3,90662.9,,
ESTAT:NAMQ_10_GDP(1.0),05/03/26 11:00:00,Quarterly,"Chain linked volumes (2020), million euro",Seasonally and calendar adjusted data,Gross domestic product at market prices,Denmark,2025-Q4,90848.2,,
ESTAT:NAMQ_10_GDP(1.0),05/03/26 11:00:00,Quarterly,"Chain linked volumes (2020), million euro",Seasonally and calendar adjusted data,Gross domestic product at market prices,Estonia,2022-Q1,7582.3,,
ESTAT:NAMQ_10_GDP(1.0),05/03/26 11:00:00,Quarterly,"Chain linked volumes (2020), million euro",Seasonally and calendar adjusted data,Gross domestic product at market prices,Estonia,2022-Q2,7476.5,,
ESTAT:NAMQ_10_GDP(1.0),05/03/26 11:00:00,Quarterly,"Chain linked volumes (2020), million euro",Seasonally and calendar adjusted data,Gross domestic product at market prices,Estonia,2022-Q3,7446.6,,
ESTAT:NAMQ_10_GDP(1.0),05/03/26 11:00:00,Quarterly,"Chain linked volumes (2020), million euro",Seasonally and calendar adjusted data,Gross domestic product at market prices,Estonia,2022-Q4,7309.5,,
ESTAT:NAMQ_10_GDP(1.0),05/03/26 11:00:00,Quarterly,"Chain linked volumes (2020), million euro",Seasonally and calendar adjusted data,Gross domestic product at market prices,Estonia,2023-Q1,7254.5,,
ESTAT:NAMQ_10_GDP(1.0),05/03/26 11:00:00,Quarterly,"Chain linked volumes (2020), million euro",Seasonally and calendar adjusted data,Gross domestic product at market prices,Estonia,2023-Q2,7246.2,,
ESTAT:NAMQ_10_GDP(1.0),05/03/26 11:00:00,Quarterly,"Chain linked volumes (2020), million euro",Seasonally and calendar adjusted data,Gross domestic product at market prices,Estonia,2023-Q3,7222.6,,
ESTAT:NAMQ_10_GDP(1.0),05/03/26 11:00:00,Quarterly,"Chain linked volumes (2020), million euro",Seasonally and calendar adjusted data,Gross domestic product at market prices,Estonia,2023-Q4,7252.0,,
ESTAT:NAMQ_10_GDP(1.0),05/03/26 11:00:00,Quarterly,"Chain linked volumes (2020), million euro",Seasonally and calendar adjusted data,Gross domestic product at market prices,Estonia,2024-Q1,7264.1,,
ESTAT:NAMQ_10_GDP(1.0),05/03/26 11:00:00,Quarterly,"Chain linked volumes (2020), million euro",Seasonally and calendar adjusted data,Gross domestic product at market prices,Estonia,2024-Q2,7230.3,,
ESTAT:NAMQ_10_GDP(1.0),05/03/26 11:00:00,Quarterly,"Chain linked volumes (2020), million euro",Seasonally and calendar adjusted data,Gross domestic product at market prices,Estonia,2024-Q3,7224.1,,
ESTAT:NAMQ_10_GDP(1.0),05/03/26 11:00:00,Quarterly,"Chain linked volumes (2020), million euro",Seasonally and calendar adjusted data,Gross domestic product at market prices,Estonia,2024-Q4,7227.4,,
ESTAT:NAMQ_10_GDP(1.0),05/03/26 11:00:00,Quarterly,"Chain linked volumes (2020), million euro",Seasonally and calendar adjusted data,Gross domestic product at market prices,Estonia,2025-Q1,7233.9,,
ESTAT:NAMQ_10_GDP(1.0),05/03/26 11:00:00,Quarterly,"Chain linked volumes (2020), million euro",Seasonally and calendar adjusted data,Gross domestic product at market prices,Estonia,2025-Q2,7283.5,,
ESTAT:NAMQ_10_GDP(1.0),05/03/26 11:00:00,Quarterly,"Chain linked volumes (2020), million euro",Seasonally and calendar adjusted data,Gross domestic product at market prices,Estonia,2025-Q3,7294.1,,
ESTAT:NAMQ_10_GDP(1.0),05/03/26 11:00:00,Quarterly,"Chain linked volumes (2020), million euro",Seasonally and calendar adjusted data,Gross domestic product at market prices,Estonia,2025-Q4,7285.6,,
ESTAT:NAMQ_10_GDP(1.0),05/03/26 11:00:00,Quarterly,"Chain linked volumes (2020), million euro",Seasonally and calendar adjusted data,Gross domestic product at market prices,Greece,2022-Q1,47525.8,,
ESTAT:NAMQ_10_GDP(1.0),05/03/26 11:00:00,Quarterly,"Chain linked volumes (2020), million euro",Seasonally and calendar adjusted data,Gross domestic product at market prices,Greece,2022-Q2,47616.8,,
ESTAT:NAMQ_10_GDP(1.0),05/03/26 11:00:00,Quarterly,"Chain linked volumes (2020), million euro",Seasonally and calendar adjusted data,Gross domestic product at market prices,Greece,2022-Q3,48106.3,,
ESTAT:NAMQ_10_GDP(1.0),05/03/26 11:00:00,Quarterly,"Chain linked volumes (2020), million euro",Seasonally and calendar adjusted data,Gross domestic product at market prices,Greece,2022-Q4,48552.9,,
ESTAT:NAMQ_10_GDP(1.0),05/03/26 11:00:00,Quarterly,"Chain linked volumes (2020), million euro",Seasonally and calendar adjusted data,Gross domestic product at market prices,Greece,2023-Q1,48561.3,p,
ESTAT:NAMQ_10_GDP(1.0),05/03/26 11:00:00,Quarterly,"Chain linked volumes (2020), million euro",Seasonally and calendar adjusted data,Gross domestic product at market prices,Greece,2023-Q2,49098.2,p,
ESTAT:NAMQ_10_GDP(1.0),05/03/26 11:00:00,Quarterly,"Chain linked volumes (2020), million euro",Seasonally and calendar adjusted data,Gross domestic product at market prices,Greece,2023-Q3,48956.7,p,
ESTAT:NAMQ_10_GDP(1.0),05/03/26 11:00:00,Quarterly,"Chain linked volumes (2020), million euro",Seasonally and calendar adjusted data,Gross domestic product at market prices,Greece,2023-Q4,49308.3,p,
ESTAT:NAMQ_10_GDP(1.0),05/03/26 11:00:00,Quarterly,"Chain linked volumes (2020), million euro",Seasonally and calendar adjusted data,Gross domestic product at market prices,Greece,2024-Q1,49430.0,p,
ESTAT:NAMQ_10_GDP(1.0),05/03/26 11:00:00,Quarterly,"Chain linked volumes (2020), million euro",Seasonally and calendar adjusted data,Gross domestic product at market prices,Greece,2024-Q2,49989.4,p,
ESTAT:NAMQ_10_GDP(1.0),05/03/26 11:00:00,Quarterly,"Chain linked volumes (2020), million euro",Seasonally and calendar adjusted data,Gross domestic product at market prices,Greece,2024-Q3,50132.2,p,
ESTAT:NAMQ_10_GDP(1.0),05/03/26 11:00:00,Quarterly,"Chain linked volumes (2020), million euro",Seasonally and calendar adjusted data,Gross domestic product at market prices,Greece,2024-Q4,50439.3,p,
ESTAT:NAMQ_10_GDP(1.0),05/03/26 11:00:00,Quarterly,"Chain linked volumes (2020), million euro",Seasonally and calendar adjusted data,Gross domestic product at market prices,Greece,2025-Q1,50604.5,p,
ESTAT:NAMQ_10_GDP(1.0),05/03/26 11:00:00,Quarterly,"Chain linked volumes (2020), million euro",Seasonally and calendar adjusted data,Gross domestic product at market prices,Greece,2025-Q2,50812.3,p,
ESTAT:NAMQ_10_GDP(1.0),05/03/26 11:00:00,Quarterly,"Chain linked volumes (2020), million euro",Seasonally and calendar adjusted data,Gross domestic product at market prices,Greece,2025-Q3,51119.2,p,
ESTAT:NAMQ_10_GDP(1.0),05/03/26 11:00:00,Quarterly,"Chain linked volumes (2020), million euro",Seasonally and calendar adjusted data,Gross domestic product at market prices,Spain,2022-Q1,314604.0,,
ESTAT:NAMQ_10_GDP(1.0),05/03/26 11:00:00,Quarterly,"Chain linked volumes (2020), million euro",Seasonally and calendar adjusted data,Gross domestic product at market prices,Spain,2022-Q2,319957.0,,
ESTAT:NAMQ_10_GDP(1.0),05/03/26 11:00:00,Quarterly,"Chain linked volumes (2020), million euro",Seasonally and calendar adjusted data,Gross domestic product at market prices,Spain,2022-Q3,322567.0,,
ESTAT:NAMQ_10_GDP(1.0),05/03/26 11:00:00,Quarterly,"Chain linked volumes (2020), million euro",Seasonally and calendar adjusted data,Gross domestic product at market prices,Spain,2022-Q4,324296.0,,
ESTAT:NAMQ_10_GDP(1.0),05/03/26 11:00:00,Quarterly,"Chain linked volumes (2020), million euro",Seasonally and calendar adjusted data,Gross domestic product at market prices,Spain,2023-Q1,325950.0,p,
ESTAT:NAMQ_10_GDP(1.0),05/03/26 11:00:00,Quarterly,"Chain linked volumes (2020), million euro",Seasonally and calendar adjusted data,Gross domestic product at market prices,Spain,2023-Q2,326419.0,p,
ESTAT:NAMQ_10_GDP(1.0),05/03/26 11:00:00,Quarterly,"Chain linked volumes (2020), million euro",Seasonally and calendar adjusted data,Gross domestic product at market prices,Spain,2023-Q3,328997.0,p,
ESTAT:NAMQ_10_GDP(1.0),05/03/26 11:00:00,Quarterly,"Chain linked volumes (2020), million euro",Seasonally and calendar adjusted data,Gross domestic product at market prices,Spain,2023-Q4,331591.0,p,
ESTAT:NAMQ_10_GDP(1.0),05/03/26 11:00:00,Quarterly,"Chain linked volumes (2020), million euro",Seasonally and calendar adjusted data,Gross domestic product at market prices,Spain,2024-Q1,335282.0,p,
ESTAT:NAMQ_10_GDP(1.0),05/03/26 11:00:00,Quarterly,"Chain linked volumes (2020), million euro",Seasonally and calendar adjusted data,Gross domestic product at market prices,Spain,2024-Q2,338363.0,p,
ESTAT:NAMQ_10_GDP(1.0),05/03/26 11:00:00,Quarterly,"Chain linked volumes (2020), million euro",Seasonally and calendar adjusted data,Gross domestic product at market prices,Spain,2024-Q3,340952.0,p,
ESTAT:NAMQ_10_GDP(1.0),05/03/26 11:00:00,Quarterly,"Chain linked volumes (2020), million euro",Seasonally and calendar adjusted data,Gross domestic product at market prices,Spain,2024-Q4,343726.0,p,
ESTAT:NAMQ_10_GDP(1.0),05/03/26 11:00:00,Quarterly,"Chain linked volumes (2020), million euro",Seasonally and calendar adjusted data,Gross domestic product at market prices,Spain,2025-Q1,345302.0,p,
ESTAT:NAMQ_10_GDP(1.0),05/03/26 11:00:00,Quarterly,"Chain linked volumes (2020), million euro",Seasonally and calendar adjusted data,Gross domestic product at market prices,Spain,2025-Q2,347823.0,p,
ESTAT:NAMQ_10_GDP(1.0),05/03/26 11:00:00,Quarterly,"Chain linked volumes (2020), million euro",Seasonally and calendar adjusted data,Gross domestic product at market prices,Spain,2025-Q3,350035.0,p,
ESTAT:NAMQ_10_GDP(1.0),05/03/26 11:00:00,Quarterly,"Chain linked volumes (2020), million euro",Seasonally and calendar adjusted data,Gross domestic product at market prices,Spain,2025-Q4,352730.0,p,
ESTAT:NAMQ_10_GDP(1.0),05/03/26 11:00:00,Quarterly,"Chain linked volumes (2020), million euro",Seasonally and calendar adjusted data,Gross domestic product at market prices,Finland,2022-Q1,61185.1,,
ESTAT:NAMQ_10_GDP(1.0),05/03/26 11:00:00,Quarterly,"Chain linked volumes (2020), million euro",Seasonally and calendar adjusted data,Gross domestic product at market prices,Finland,2022-Q2,61402.7,,
ESTAT:NAMQ_10_GDP(1.0),05/03/26 11:00:00,Quarterly,"Chain linked volumes (2020), million euro",Seasonally and calendar adjusted data,Gross domestic product at market prices,Finland,2022-Q3,61295.5,,
ESTAT:NAMQ_10_GDP(1.0),05/03/26 11:00:00,Quarterly,"Chain linked volumes (2020), million euro",Seasonally and calendar adjusted data,Gross domestic product at market prices,Finland,2022-Q4,60683.1,,
ESTAT:NAMQ_10_GDP(1.0),05/03/26 11:00:00,Quarterly,"Chain linked volumes (2020), million euro",Seasonally and calendar adjusted data,Gross domestic product at market prices,Finland,2023-Q1,60752.1,,
ESTAT:NAMQ_10_GDP(1.0),05/03/26 11:00:00,Quarterly,"Chain linked volumes (2020), million euro",Seasonally and calendar adjusted data,Gross domestic product at market prices,Finland,2023-Q2,60881.6,,
ESTAT:NAMQ_10_GDP(1.0),05/03/26 11:00:00,Quarterly,"Chain linked volumes (2020), million euro",Seasonally and calendar adjusted data,Gross domestic product at market prices,Finland,2023-Q3,59960.4,,
ESTAT:NAMQ_10_GDP(1.0),05/03/26 11:00:00,Quarterly,"Chain linked volumes (2020), million euro",Seasonally and calendar adjusted data,Gross domestic product at market prices,Finland,2023-Q4,59817.1,,
ESTAT:NAMQ_10_GDP(1.0),05/03/26 11:00:00,Quarterly,"Chain linked volumes (2020), million euro",Seasonally and calendar adjusted data,Gross domestic product at market prices,Finland,2024-Q1,60301.1,,
ESTAT:NAMQ_10_GDP(1.0),05/03/26 11:00:00,Quarterly,"Chain linked volumes (2020), million euro",Seasonally and calendar adjusted data,Gross domestic product at market prices,Finland,2024-Q2,60490.0,,
ESTAT:NAMQ_10_GDP(1.0),05/03/26 11:00:00,Quarterly,"Chain linked volumes (2020), million euro",Seasonally and calendar adjusted data,Gross domestic product at market prices,Finland,2024-Q3,60832.8,,
ESTAT:NAMQ_10_GDP(1.0),05/03/26 11:00:00,Quarterly,"Chain linked volumes (2020), million euro",Seasonally and calendar adjusted data,Gross domestic product at market prices,Finland,2024-Q4,60691.6,,
ESTAT:NAMQ_10_GDP(1.0),05/03/26 11:00:00,Quarterly,"Chain linked volumes (2020), million euro",Seasonally and calendar adjusted data,Gross domestic product at market prices,Finland,2025-Q1,60716.0,,
ESTAT:NAMQ_10_GDP(1.0),05/03/26 11:00:00,Quarterly,"Chain linked volumes (2020), million euro",Seasonally and calendar adjusted data,Gross domestic product at market prices,Finland,2025-Q2,60658.7,,
ESTAT:NAMQ_10_GDP(1.0),05/03/26 11:00:00,Quarterly,"Chain linked volumes (2020), million euro",Seasonally and calendar adjusted data,Gross domestic product at market prices,Finland,2025-Q3,60600.3,,
ESTAT:NAMQ_10_GDP(1.0),05/03/26 11:00:00,Quarterly,"Chain linked volumes (2020), million euro",Seasonally and calendar adjusted data,Gross domestic product at market prices,Finland,2025-Q4,60848.7,,
ESTAT:NAMQ_10_GDP(1.0),05/03/26 11:00:00,Quarterly,"Chain linked volumes (2020), million euro",Seasonally and calendar adjusted data,Gross domestic product at market prices,France,2022-Q1,631683.7,,
ESTAT:NAMQ_10_GDP(1.0),05/03/26 11:00:00,Quarterly,"Chain linked volumes (2020), million euro",Seasonally and calendar adjusted data,Gross domestic product at market prices,France,2022-Q2,634331.4,,
ESTAT:NAMQ_10_GDP(1.0),05/03/26 11:00:00,Quarterly,"Chain linked volumes (2020), million euro",Seasonally and calendar adjusted data,Gross domestic product at market prices,France,2022-Q3,637815.9,,
ESTAT:NAMQ_10_GDP(1.0),05/03/26 11:00:00,Quarterly,"Chain linked volumes (2020), million euro",Seasonally and calendar adjusted data,Gross domestic product at market prices,France,2022-Q4,640100.3,,
ESTAT:NAMQ_10_GDP(1.0),05/03/26 11:00:00,Quarterly,"Chain linked volumes (2020), million euro",Seasonally and calendar adjusted data,Gross domestic product at market prices,France,2023-Q1,640584.2,,
ESTAT:NAMQ_10_GDP(1.0),05/03/26 11:00:00,Quarterly,"Chain linked volumes (2020), million euro",Seasonally and calendar adjusted data,Gross domestic product at market prices,France,2023-Q2,646268.6,,
ESTAT:NAMQ_10_GDP(1.0),05/03/26 11:00:00,Quarterly,"Chain linked volumes (2020), million euro",Seasonally and calendar adjusted data,Gross domestic product at market prices,France,2023-Q3,647780.4,,
ESTAT:NAMQ_10_GDP(1.0),05/03/26 11:00:00,Quarterly,"Chain linked volumes (2020), million euro",Seasonally and calendar adjusted data,Gross domestic product at market prices,France,2023-Q4,650514.4,,
ESTAT:NAMQ_10_GDP(1.0),05/03/26 11:00:00,Quarterly,"Chain linked volumes (2020), million euro",Seasonally and calendar adjusted data,Gross domestic product at market prices,France,2024-Q1,651223.0,,
ESTAT:NAMQ_10_GDP(1.0),05/03/26 11:00:00,Quarterly,"Chain linked volumes (2020), million euro",Seasonally and calendar adjusted data,Gross domestic product at market prices,France,2024-Q2,652586.3,,
ESTAT:NAMQ_10_GDP(1.0),05/03/26 11:00:00,Quarterly,"Chain linked volumes (2020), million euro",Seasonally and calendar adjusted data,Gross domestic product at market prices,France,2024-Q3,655069.4,,
ESTAT:NAMQ_10_GDP(1.0),05/03/26 11:00:00,Quarterly,"Chain linked volumes (2020), million euro",Seasonally and calendar adjusted data,Gross domestic product at market prices,France,2024-Q4,654882.8,,
ESTAT:NAMQ_10_GDP(1.0),05/03/26 11:00:00,Quarterly,"Chain linked volumes (2020), million euro",Seasonally and calendar adjusted data,Gross domestic product at market prices,France,2025-Q1,655701.3,,
ESTAT:NAMQ_10_GDP(1.0),05/03/26 11:00:00,Quarterly,"Chain linked volumes (2020), million euro",Seasonally and calendar adjusted data,Gross domestic product at market prices,France,2025-Q2,657906.2,,
ESTAT:NAMQ_10_GDP(1.0),05/03/26 11:00:00,Quarterly,"Chain linked volumes (2020), million euro",Seasonally and calendar adjusted data,Gross domestic product at market prices,France,2025-Q3,661488.4,,
ESTAT:NAMQ_10_GDP(1.0),05/03/26 11:00:00,Quarterly,"Chain linked volumes (2020), million euro",Seasonally and calendar adjusted data,Gross domestic product at market prices,France,2025-Q4,662924.9,,
ESTAT:NAMQ_10_GDP(1.0),05/03/26 11:00:00,Quarterly,"Chain linked volumes (2020), million euro",Seasonally and calendar adjusted data,Gross domestic product at market prices,Croatia,2022-Q1,15211.7,,
ESTAT:NAMQ_10_GDP(1.0),05/03/26 11:00:00,Quarterly,"Chain linked volumes (2020), million euro",Seasonally and calendar adjusted data,Gross domestic product at market prices,Croatia,2022-Q2,15348.9,,
ESTAT:NAMQ_10_GDP(1.0),05/03/26 11:00:00,Quarterly,"Chain linked volumes (2020), million euro",Seasonally and calendar adjusted data,Gross domestic product at market prices,Croatia,2022-Q3,15476.4,,
ESTAT:NAMQ_10_GDP(1.0),05/03/26 11:00:00,Quarterly,"Chain linked volumes (2020), million euro",Seasonally and calendar adjusted data,Gross domestic product at market prices,Croatia,2022-Q4,15311.8,,
ESTAT:NAMQ_10_GDP(1.0),05/03/26 11:00:00,Quarterly,"Chain linked volumes (2020), million euro",Seasonally and calendar adjusted data,Gross domestic product at market prices,Croatia,2023-Q1,15610.7,,
ESTAT:NAMQ_10_GDP(1.0),05/03/26 11:00:00,Quarterly,"Chain linked volumes (2020), million euro",Seasonally and calendar adjusted data,Gross domestic product at market prices,Croatia,2023-Q2,15909.9,,
ESTAT:NAMQ_10_GDP(1.0),05/03/26 11:00:00,Quarterly,"Chain linked volumes (2020), million euro",Seasonally and calendar adjusted data,Gross domestic product at market prices,Croatia,2023-Q3,15920.8,,
ESTAT:NAMQ_10_GDP(1.0),05/03/26 11:00:00,Quarterly,"Chain linked volumes (2020), million euro",Seasonally and calendar adjusted data,Gross domestic product at market prices,Croatia,2023-Q4,16194.1,,
ESTAT:NAMQ_10_GDP(1.0),05/03/26 11:00:00,Quarterly,"Chain linked volumes (2020), million euro",Seasonally and calendar adjusted data,Gross domestic product at market prices,Croatia,2024-Q1,16256.0,p,
ESTAT:NAMQ_10_GDP(1.0),05/03/26 11:00:00,Quarterly,"Chain linked volumes (2020), million euro",Seasonally and calendar adjusted data,Gross domestic product at market prices,Croatia,2024-Q2,16439.9,p,
ESTAT:NAMQ_10_GDP(1.0),05/03/26 11:00:00,Quarterly,"Chain linked volumes (2020), million euro",Seasonally and calendar adjusted data,Gross domestic product at market prices,Croatia,2024-Q3,16620.1,p,
ESTAT:NAMQ_10_GDP(1.0),05/03/26 11:00:00,Quarterly,"Chain linked volumes (2020), million euro",Seasonally and calendar adjusted data,Gross domestic product at market prices,Croatia,2024-Q4,16747.0,p,
ESTAT:NAMQ_10_GDP(1.0),05/03/26 11:00:00,Quarterly,"Chain linked volumes (2020), million euro",Seasonally and calendar adjusted data,Gross domestic product at market prices,Croatia,2025-Q1,16831.0,p,
ESTAT:NAMQ_10_GDP(1.0),05/03/26 11:00:00,Quarterly,"Chain linked volumes (2020), million euro",Seasonally and calendar adjusted data,Gross domestic product at market prices,Croatia,2025-Q2,16985.0,p,
ESTAT:NAMQ_10_GDP(1.0),05/03/26 11:00:00,Quarterly,"Chain linked volumes (2020), million euro",Seasonally and calendar adjusted data,Gross domestic product at market prices,Croatia,2025-Q3,17058.0,p,
ESTAT:NAMQ_10_GDP(1.0),05/03/26 11:00:00,Quarterly,"Chain linked volumes (2020), million euro",Seasonally and calendar adjusted data,Gross domestic product at market prices,Croatia,2025-Q4,17298.3,p,
ESTAT:NAMQ_10_GDP(1.0),05/03/26 11:00:00,Quarterly,"Chain linked volumes (2020), million euro",Seasonally and calendar adjusted data,Gross domestic product at market prices,Hungary,2022-Q1,38772.3,,
ESTAT:NAMQ_10_GDP(1.0),05/03/26 11:00:00,Quarterly,"Chain linked volumes (2020), million euro",Seasonally and calendar adjusted data,Gross domestic product at market prices,Hungary,2022-Q2,39108.6,,
ESTAT:NAMQ_10_GDP(1.0),05/03/26 11:00:00,Quarterly,"Chain linked volumes (2020), million euro",Seasonally and calendar adjusted data,Gross domestic product at market prices,Hungary,2022-Q3,38675.9,,
ESTAT:NAMQ_10_GDP(1.0),05/03/26 11:00:00,Quarterly,"Chain linked volumes (2020), million euro",Seasonally and calendar adjusted data,Gross domestic product at market prices,Hungary,2022-Q4,38326.6,,
ESTAT:NAMQ_10_GDP(1.0),05/03/26 11:00:00,Quarterly,"Chain linked volumes (2020), million euro",Seasonally and calendar adjusted data,Gross domestic product at market prices,Hungary,2023-Q1,38249.0,,
ESTAT:NAMQ_10_GDP(1.0),05/03/26 11:00:00,Quarterly,"Chain linked volumes (2020), million euro",Seasonally and calendar adjusted data,Gross domestic product at market prices,Hungary,2023-Q2,38223.8,,
ESTAT:NAMQ_10_GDP(1.0),05/03/26 11:00:00,Quarterly,"Chain linked volumes (2020), million euro",Seasonally and calendar adjusted data,Gross domestic product at market prices,Hungary,2023-Q3,38741.4,,
ESTAT:NAMQ_10_GDP(1.0),05/03/26 11:00:00,Quarterly,"Chain linked volumes (2020), million euro",Seasonally and calendar adjusted data,Gross domestic product at market prices,Hungary,2023-Q4,38646.0,,
ESTAT:NAMQ_10_GDP(1.0),05/03/26 11:00:00,Quarterly,"Chain linked volumes (2020), million euro",Seasonally and calendar adjusted data,Gross domestic product at market prices,Hungary,2024-Q1,38756.6,p,
ESTAT:NAMQ_10_GDP(1.0),05/03/26 11:00:00,Quarterly,"Chain linked volumes (2020), million euro",Seasonally and calendar adjusted data,Gross domestic product at market prices,Hungary,2024-Q2,38718.0,p,
ESTAT:NAMQ_10_GDP(1.0),05/03/26 11:00:00,Quarterly,"Chain linked volumes (2020), million euro",Seasonally and calendar adjusted data,Gross domestic product at market prices,Hungary,2024-Q3,38572.9,p,
ESTAT:NAMQ_10_GDP(1.0),05/03/26 11:00:00,Quarterly,"Chain linked volumes (2020), million euro",Seasonally and calendar adjusted data,Gross domestic product at market prices,Hungary,2024-Q4,38703.8,p,
ESTAT:NAMQ_10_GDP(1.0),05/03/26 11:00:00,Quarterly,"Chain linked volumes (2020), million euro",Seasonally and calendar adjusted data,Gross domestic product at market prices,Hungary,2025-Q1,38636.5,p,
ESTAT:NAMQ_10_GDP(1.0),05/03/26 11:00:00,Quarterly,"Chain linked volumes (2020), million euro",Seasonally and calendar adjusted data,Gross domestic product at market prices,Hungary,2025-Q2,38847.1,p,
ESTAT:NAMQ_10_GDP(1.0),05/03/26 11:00:00,Quarterly,"Chain linked volumes (2020), million euro",Seasonally and calendar adjusted data,Gross domestic product at market prices,Hungary,2025-Q3,38848.2,p,
ESTAT:NAMQ_10_GDP(1.0),05/03/26 11:00:00,Quarterly,"Chain linked volumes (2020), million euro",Seasonally and calendar adjusted data,Gross domestic product at market prices,Hungary,2025-Q4,38931.9,p,
ESTAT:NAMQ_10_GDP(1.0),05/03/26 11:00:00,Quarterly,"Chain linked volumes (2020), million euro",Seasonally and calendar adjusted data,Gross domestic product at market prices,Ireland,2022-Q1,116046.8,,
ESTAT:NAMQ_10_GDP(1.0),05/03/26 11:00:00,Quarterly,"Chain linked volumes (2020), million euro",Seasonally and calendar adjusted data,Gross domestic product at market prices,Ireland,2022-Q2,119185.1,,
ESTAT:NAMQ_10_GDP(1.0),05/03/26 11:00:00,Quarterly,"Chain linked volumes (2020), million euro",Seasonally and calendar adjusted data,Gross domestic product at market prices,Ireland,2022-Q3,121607.5,,
ESTAT:NAMQ_10_GDP(1.0),05/03/26 11:00:00,Quarterly,"Chain linked volumes (2020), million euro",Seasonally and calendar adjusted data,Gross domestic product at market prices,Ireland,2022-Q4,119756.0,,
ESTAT:NAMQ_10_GDP(1.0),05/03/26 11:00:00,Quarterly,"Chain linked volumes (2020), million euro",Seasonally and calendar adjusted data,Gross domestic product at market prices,Ireland,2023-Q1,117528.7,,
ESTAT:NAMQ_10_GDP(1.0),05/03/26 11:00:00,Quarterly,"Chain linked volumes (2020), million euro",Seasonally and calendar adjusted data,Gross domestic product at market prices,Ireland,2023-Q2,118348.8,,
ESTAT:NAMQ_10_GDP(1.0),05/03/26 11:00:00,Quarterly,"Chain linked volumes (2020), million euro",Seasonally and calendar adjusted data,Gross domestic product at market prices,Ireland,2023-Q3,116002.7,,
ESTAT:NAMQ_10_GDP(1.0),05/03/26 11:00:00,Quarterly,"Chain linked volumes (2020), million euro",Seasonally and calendar adjusted data,Gross domestic product at market prices,Ireland,2023-Q4,112345.0,,
ESTAT:NAMQ_10_GDP(1.0),05/03/26 11:00:00,Quarterly,"Chain linked volumes (2020), million euro",Seasonally and calendar adjusted data,Gross domestic product at market prices,Ireland,2024-Q1,114191.4,,
ESTAT:NAMQ_10_GDP(1.0),05/03/26 11:00:00,Quarterly,"Chain linked volumes (2020), million euro",Seasonally and calendar adjusted data,Gross domestic product at market prices,Ireland,2024-Q2,114703.4,,
ESTAT:NAMQ_10_GDP(1.0),05/03/26 11:00:00,Quarterly,"Chain linked volumes (2020), million euro",Seasonally and calendar adjusted data,Gross domestic product at market prices,Ireland,2024-Q3,121707.8,,
ESTAT:NAMQ_10_GDP(1.0),05/03/26 11:00:00,Quarterly,"Chain linked volumes (2020), million euro",Seasonally and calendar adjusted data,Gross domestic product at market prices,Ireland,2024-Q4,125766.5,,
ESTAT:NAMQ_10_GDP(1.0),05/03/26 11:00:00,Quarterly,"Chain linked volumes (2020), million euro",Seasonally and calendar adjusted data,Gross domestic product at market prices,Ireland,2025-Q1,135103.4,,
ESTAT:NAMQ_10_GDP(1.0),05/03/26 11:00:00,Quarterly,"Chain linked volumes (2020), million euro",Seasonally and calendar adjusted data,Gross domestic product at market prices,Ireland,2025-Q2,135453.0,,
ESTAT:NAMQ_10_GDP(1.0),05/03/26 11:00:00,Quarterly,"Chain linked volumes (2020), million euro",Seasonally and calendar adjusted data,Gross domestic product at market prices,Ireland,2025-Q3,134989.9,,
ESTAT:NAMQ_10_GDP(1.0),05/03/26 11:00:00,Quarterly,"Chain linked volumes (2020), million euro",Seasonally and calendar adjusted data,Gross domestic product at market prices,Ireland,2025-Q4,134218.6,e,
ESTAT:NAMQ_10_GDP(1.0),05/03/26 11:00:00,Quarterly,"Chain linked volumes (2020), million euro",Seasonally and calendar adjusted data,Gross domestic product at market prices,Italy,2022-Q1,471109.6,,
ESTAT:NAMQ_10_GDP(1.0),05/03/26 11:00:00,Quarterly,"Chain linked volumes (2020), million euro",Seasonally and calendar adjusted data,Gross domestic product at market prices,Italy,2022-Q2,478351.3,,
ESTAT:NAMQ_10_GDP(1.0),05/03/26 11:00:00,Quarterly,"Chain linked volumes (2020), million euro",Seasonally and calendar adjusted data,Gross domestic product at market prices,Italy,2022-Q3,478962.6,,
ESTAT:NAMQ_10_GDP(1.0),05/03/26 11:00:00,Quarterly,"Chain linked volumes (2020), million euro",Seasonally and calendar adjusted data,Gross domestic product at market prices,Italy,2022-Q4,477780.2,,
ESTAT:NAMQ_10_GDP(1.0),05/03/26 11:00:00,Quarterly,"Chain linked volumes (2020), million euro",Seasonally and calendar adjusted data,Gross domestic product at market prices,Italy,2023-Q1,480836.8,,
ESTAT:NAMQ_10_GDP(1.0),05/03/26 11:00:00,Quarterly,"Chain linked volumes (2020), million euro",Seasonally and calendar adjusted data,Gross domestic product at market prices,Italy,2023-Q2,480853.3,,
ESTAT:NAMQ_10_GDP(1.0),05/03/26 11:00:00,Quarterly,"Chain linked volumes (2020), million euro",Seasonally and calendar adjusted data,Gross domestic product at market prices,Italy,2023-Q3,481181.6,,
ESTAT:NAMQ_10_GDP(1.0),05/03/26 11:00:00,Quarterly,"Chain linked volumes (2020), million euro",Seasonally and calendar adjusted data,Gross domestic product at market prices,Italy,2023-Q4,482764.3,,
ESTAT:NAMQ_10_GDP(1.0),05/03/26 11:00:00,Quarterly,"Chain linked volumes (2020), million euro",Seasonally and calendar adjusted data,Gross domestic product at market prices,Italy,2024-Q1,483375.1,,
ESTAT:NAMQ_10_GDP(1.0),05/03/26 11:00:00,Quarterly,"Chain linked volumes (2020), million euro",Seasonally and calendar adjusted data,Gross domestic product at market prices,Italy,2024-Q2,484346.0,,
ESTAT:NAMQ_10_GDP(1.0),05/03/26 11:00:00,Quarterly,"Chain linked volumes (2020), million euro",Seasonally and calendar adjusted data,Gross domestic product at market prices,Italy,2024-Q3,484320.8,,
ESTAT:NAMQ_10_GDP(1.0),05/03/26 11:00:00,Quarterly,"Chain linked volumes (2020), million euro",Seasonally and calendar adjusted data,Gross domestic product at market prices,Italy,2024-Q4,484885.2,,
ESTAT:NAMQ_10_GDP(1.0),05/03/26 11:00:00,Quarterly,"Chain linked volumes (2020), million euro",Seasonally and calendar adjusted data,Gross domestic product at market prices,Italy,2025-Q1,486543.9,,
ESTAT:NAMQ_10_GDP(1.0),05/03/26 11:00:00,Quarterly,"Chain linked volumes (2020), million euro",Seasonally and calendar adjusted data,Gross domestic product at market prices,Italy,2025-Q2,486602.4,,
ESTAT:NAMQ_10_GDP(1.0),05/03/26 11:00:00,Quarterly,"Chain linked volumes (2020), million euro",Seasonally and calendar adjusted data,Gross domestic product at market prices,Italy,2025-Q3,487685.8,,
ESTAT:NAMQ_10_GDP(1.0),05/03/26 11:00:00,Quarterly,"Chain linked volumes (2020), million euro",Seasonally and calendar adjusted data,Gross domestic product at market prices,Italy,2025-Q4,488947.2,,
ESTAT:NAMQ_10_GDP(1.0),05/03/26 11:00:00,Quarterly,"Chain linked volumes (2020), million euro",Seasonally and calendar adjusted data,Gross domestic product at market prices,Lithuania,2022-Q1,13776.5,,
ESTAT:NAMQ_10_GDP(1.0),05/03/26 11:00:00,Quarterly,"Chain linked volumes (2020), million euro",Seasonally and calendar adjusted data,Gross domestic product at market prices,Lithuania,2022-Q2,13583.3,,
ESTAT:NAMQ_10_GDP(1.0),05/03/26 11:00:00,Quarterly,"Chain linked volumes (2020), million euro",Seasonally and calendar adjusted data,Gross domestic product at market prices,Lithuania,2022-Q3,13732.6,,
ESTAT:NAMQ_10_GDP(1.0),05/03/26 11:00:00,Quarterly,"Chain linked volumes (2020), million euro",Seasonally and calendar adjusted data,Gross domestic product at market prices,Lithuania,2022-Q4,13670.5,,
ESTAT:NAMQ_10_GDP(1.0),05/03/26 11:00:00,Quarterly,"Chain linked volumes (2020), million euro",Seasonally and calendar adjusted data,Gross domestic product at market prices,Lithuania,2023-Q1,13628.5,,
ESTAT:NAMQ_10_GDP(1.0),05/03/26 11:00:00,Quarterly,"Chain linked volumes (2020), million euro",Seasonally and calendar adjusted data,Gross domestic product at market prices,Lithuania,2023-Q2,13844.6,,
ESTAT:NAMQ_10_GDP(1.0),05/03/26 11:00:00,Quarterly,"Chain linked volumes (2020), million euro",Seasonally and calendar adjusted data,Gross domestic product at market prices,Lithuania,2023-Q3,13886.9,,
ESTAT:NAMQ_10_GDP(1.0),05/03/26 11:00:00,Quarterly,"Chain linked volumes (2020), million euro",Seasonally and calendar adjusted data,Gross domestic product at market prices,Lithuania,2023-Q4,13855.1,,
ESTAT:NAMQ_10_GDP(1.0),05/03/26 11:00:00,Quarterly,"Chain linked volumes (2020), million euro",Seasonally and calendar adjusted data,Gross domestic product at market prices,Lithuania,2024-Q1,14047.4,,
ESTAT:NAMQ_10_GDP(1.0),05/03/26 11:00:00,Quarterly,"Chain linked volumes (2020), million euro",Seasonally and calendar adjusted data,Gross domestic product at market prices,Lithuania,2024-Q2,14111.3,,
ESTAT:NAMQ_10_GDP(1.0),05/03/26 11:00:00,Quarterly,"Chain linked volumes (2020), million euro",Seasonally and calendar adjusted data,Gross domestic product at market prices,Lithuania,2024-Q3,14295.9,,
ESTAT:NAMQ_10_GDP(1.0),05/03/26 11:00:00,Quarterly,"Chain linked volumes (2020), million euro",Seasonally and calendar adjusted data,Gross domestic product at market prices,Lithuania,2024-Q4,14407.7,,
ESTAT:NAMQ_10_GDP(1.0),05/03/26 11:00:00,Quarterly,"Chain linked volumes (2020), million euro",Seasonally and calendar adjusted data,Gross domestic product at market prices,Lithuania,2025-Q1,14462.5,,
ESTAT:NAMQ_10_GDP(1.0),05/03/26 11:00:00,Quarterly,"Chain linked volumes (2020), million euro",Seasonally and calendar adjusted data,Gross domestic product at market prices,Lithuania,2025-Q2,14565.8,,
ESTAT:NAMQ_10_GDP(1.0),05/03/26 11:00:00,Quarterly,"Chain linked volumes (2020), million euro",Seasonally and calendar adjusted data,Gross domestic product at market prices,Lithuania,2025-Q3,14602.4,,
ESTAT:NAMQ_10_GDP(1.0),05/03/26 11:00:00,Quarterly,"Chain linked volumes (2020), million euro",Seasonally and calendar adjusted data,Gross domestic product at market prices,Lithuania,2025-Q4,14856.9,,
ESTAT:NAMQ_10_GDP(1.0),05/03/26 11:00:00,Quarterly,"Chain linked volumes (2020), million euro",Seasonally and calendar adjusted data,Gross domestic product at market prices,Luxembourg,2022-Q1,17111.4,,
ESTAT:NAMQ_10_GDP(1.0),05/03/26 11:00:00,Quarterly,"Chain linked volumes (2020), million euro",Seasonally and calendar adjusted data,Gross domestic product at market prices,Luxembourg,2022-Q2,17002.1,,
ESTAT:NAMQ_10_GDP(1.0),05/03/26 11:00:00,Quarterly,"Chain linked volumes (2020), million euro",Seasonally and calendar adjusted data,Gross domestic product at market prices,Luxembourg,2022-Q3,17114.2,,
ESTAT:NAMQ_10_GDP(1.0),05/03/26 11:00:00,Quarterly,"Chain linked volumes (2020), million euro",Seasonally and calendar adjusted data,Gross domestic product at market prices,Luxembourg,2022-Q4,16986.0,,
ESTAT:NAMQ_10_GDP(1.0),05/03/26 11:00:00,Quarterly,"Chain linked volumes (2020), million euro",Seasonally and calendar adjusted data,Gross domestic product at market prices,Luxembourg,2023-Q1,17022.4,,
ESTAT:NAMQ_10_GDP(1.0),05/03/26 11:00:00,Quarterly,"Chain linked volumes (2020), million euro",Seasonally and calendar adjusted data,Gross domestic product at market prices,Luxembourg,2023-Q2,17097.9,,
ESTAT:NAMQ_10_GDP(1.0),05/03/26 11:00:00,Quarterly,"Chain linked volumes (2020), million euro",Seasonally and calendar adjusted data,Gross domestic product at market prices,Luxembourg,2023-Q3,17222.8,,
ESTAT:NAMQ_10_GDP(1.0),05/03/26 11:00:00,Quarterly,"Chain linked volumes (2020), million euro",Seasonally and calendar adjusted data,Gross domestic product at market prices,Luxembourg,2023-Q4,16932.8,,
ESTAT:NAMQ_10_GDP(1.0),05/03/26 11:00:00,Quarterly,"Chain linked volumes (2020), million euro",Seasonally and calendar adjusted data,Gross domestic product at market prices,Luxembourg,2024-Q1,17446.9,,
ESTAT:NAMQ_10_GDP(1.0),05/03/26 11:00:00,Quarterly,"Chain linked volumes (2020), million euro",Seasonally and calendar adjusted data,Gross domestic product at market prices,Luxembourg,2024-Q2,17255.0,,
ESTAT:NAMQ_10_GDP(1.0),05/03/26 11:00:00,Quarterly,"Chain linked volumes (2020), million euro",Seasonally and calendar adjusted data,Gross domestic product at market prices,Luxembourg,2024-Q3,16865.9,,
ESTAT:NAMQ_10_GDP(1.0),05/03/26 11:00:00,Quarterly,"Chain linked volumes (2020), million euro",Seasonally and calendar adjusted data,Gross domestic product at market prices,Luxembourg,2024-Q4,16944.9,,
ESTAT:NAMQ_10_GDP(1.0),05/03/26 11:00:00,Quarterly,"Chain linked volumes (2020), million euro",Seasonally and calendar adjusted data,Gross domestic product at market prices,Luxembourg,2025-Q1,17000.1,p,
ESTAT:NAMQ_10_GDP(1.0),05/03/26 11:00:00,Quarterly,"Chain linked volumes (2020), million euro",Seasonally and calendar adjusted data,Gross domestic product at market prices,Luxembourg,2025-Q2,17127.8,p,
ESTAT:NAMQ_10_GDP(1.0),05/03/26 11:00:00,Quarterly,"Chain linked volumes (2020), million euro",Seasonally and calendar adjusted data,Gross domestic product at market prices,Luxembourg,2025-Q3,17318.4,p,
ESTAT:NAMQ_10_GDP(1.0),05/03/26 11:00:00,Quarterly,"Chain linked volumes (2020), million euro",Seasonally and calendar adjusted data,Gross domestic product at market prices,Latvia,2022-Q1,8010.4,,
ESTAT:NAMQ_10_GDP(1.0),05/03/26 11:00:00,Quarterly,"Chain linked volumes (2020), million euro",Seasonally and calendar adjusted data,Gross domestic product at market prices,Latvia,2022-Q2,7987.7,,
ESTAT:NAMQ_10_GDP(1.0),05/03/26 11:00:00,Quarterly,"Chain linked volumes (2020), million euro",Seasonally and calendar adjusted data,Gross domestic product at market prices,Latvia,2022-Q3,7982.9,,
ESTAT:NAMQ_10_GDP(1.0),05/03/26 11:00:00,Quarterly,"Chain linked volumes (2020), million euro",Seasonally and calendar adjusted data,Gross domestic product at market prices,Latvia,2022-Q4,7994.7,,
ESTAT:NAMQ_10_GDP(1.0),05/03/26 11:00:00,Quarterly,"Chain linked volumes (2020), million euro",Seasonally and calendar adjusted data,Gross domestic product at market prices,Latvia,2023-Q1,8001.6,,
ESTAT:NAMQ_10_GDP(1.0),05/03/26 11:00:00,Quarterly,"Chain linked volumes (2020), million euro",Seasonally and calendar adjusted data,Gross domestic product at market prices,Latvia,2023-Q2,7905.8,,
ESTAT:NAMQ_10_GDP(1.0),05/03/26 11:00:00,Quarterly,"Chain linked volumes (2020), million euro",Seasonally and calendar adjusted data,Gross domestic product at market prices,Latvia,2023-Q3,7882.7,,
ESTAT:NAMQ_10_GDP(1.0),05/03/26 11:00:00,Quarterly,"Chain linked volumes (2020), million euro",Seasonally and calendar adjusted data,Gross domestic product at market prices,Latvia,2023-Q4,7835.6,,
ESTAT:NAMQ_10_GDP(1.0),05/03/26 11:00:00,Quarterly,"Chain linked volumes (2020), million euro",Seasonally and calendar adjusted data,Gross domestic product at market prices,Latvia,2024-Q1,7836.4,,
ESTAT:NAMQ_10_GDP(1.0),05/03/26 11:00:00,Quarterly,"Chain linked volumes (2020), million euro",Seasonally and calendar adjusted data,Gross domestic product at market prices,Latvia,2024-Q2,7881.1,,
ESTAT:NAMQ_10_GDP(1.0),05/03/26 11:00:00,Quarterly,"Chain linked volumes (2020), million euro",Seasonally and calendar adjusted data,Gross domestic product at market prices,Latvia,2024-Q3,7898.0,,
ESTAT:NAMQ_10_GDP(1.0),05/03/26 11:00:00,Quarterly,"Chain linked volumes (2020), million euro",Seasonally and calendar adjusted data,Gross domestic product at market prices,Latvia,2024-Q4,7927.2,,
ESTAT:NAMQ_10_GDP(1.0),05/03/26 11:00:00,Quarterly,"Chain linked volumes (2020), million euro",Seasonally and calendar adjusted data,Gross domestic product at market prices,Latvia,2025-Q1,7984.1,,
ESTAT:NAMQ_10_GDP(1.0),05/03/26 11:00:00,Quarterly,"Chain linked volumes (2020), million euro",Seasonally and calendar adjusted data,Gross domestic product at market prices,Latvia,2025-Q2,8013.9,,
ESTAT:NAMQ_10_GDP(1.0),05/03/26 11:00:00,Quarterly,"Chain linked volumes (2020), million euro",Seasonally and calendar adjusted data,Gross domestic product at market prices,Latvia,2025-Q3,8076.9,,
ESTAT:NAMQ_10_GDP(1.0),05/03/26 11:00:00,Quarterly,"Chain linked volumes (2020), million euro",Seasonally and calendar adjusted data,Gross domestic product at market prices,Latvia,2025-Q4,8126.6,,
ESTAT:NAMQ_10_GDP(1.0),05/03/26 11:00:00,Quarterly,"Chain linked volumes (2020), million euro",Seasonally and calendar adjusted data,Gross domestic product at market prices,Malta,2022-Q1,4029.0,,
ESTAT:NAMQ_10_GDP(1.0),05/03/26 11:00:00,Quarterly,"Chain linked volumes (2020), million euro",Seasonally and calendar adjusted data,Gross domestic product at market prices,Malta,2022-Q2,4122.8,,
ESTAT:NAMQ_10_GDP(1.0),05/03/26 11:00:00,Quarterly,"Chain linked volumes (2020), million euro",Seasonally and calendar adjusted data,Gross domestic product at market prices,Malta,2022-Q3,4204.7,,
ESTAT:NAMQ_10_GDP(1.0),05/03/26 11:00:00,Quarterly,"Chain linked volumes (2020), million euro",Seasonally and calendar adjusted data,Gross domestic product at market prices,Malta,2022-Q4,4346.7,,
ESTAT:NAMQ_10_GDP(1.0),05/03/26 11:00:00,Quarterly,"Chain linked volumes (2020), million euro",Seasonally and calendar adjusted data,Gross domestic product at market prices,Malta,2023-Q1,4433.6,,
ESTAT:NAMQ_10_GDP(1.0),05/03/26 11:00:00,Quarterly,"Chain linked volumes (2020), million euro",Seasonally and calendar adjusted data,Gross domestic product at market prices,Malta,2023-Q2,4573.1,,
ESTAT:NAMQ_10_GDP(1.0),05/03/26 11:00:00,Quarterly,"Chain linked volumes (2020), million euro",Seasonally and calendar adjusted data,Gross domestic product at market prices,Malta,2023-Q3,4686.4,,
ESTAT:NAMQ_10_GDP(1.0),05/03/26 11:00:00,Quarterly,"Chain linked volumes (2020), million euro",Seasonally and calendar adjusted data,Gross domestic product at market prices,Malta,2023-Q4,4783.8,,
ESTAT:NAMQ_10_GDP(1.0),05/03/26 11:00:00,Quarterly,"Chain linked volumes (2020), million euro",Seasonally and calendar adjusted data,Gross domestic product at market prices,Malta,2024-Q1,4827.6,,
ESTAT:NAMQ_10_GDP(1.0),05/03/26 11:00:00,Quarterly,"Chain linked volumes (2020), million euro",Seasonally and calendar adjusted data,Gross domestic product at market prices,Malta,2024-Q2,4945.7,,
ESTAT:NAMQ_10_GDP(1.0),05/03/26 11:00:00,Quarterly,"Chain linked volumes (2020), million euro",Seasonally and calendar adjusted data,Gross domestic product at market prices,Malta,2024-Q3,4936.7,,
ESTAT:NAMQ_10_GDP(1.0),05/03/26 11:00:00,Quarterly,"Chain linked volumes (2020), million euro",Seasonally and calendar adjusted data,Gross domestic product at market prices,Malta,2024-Q4,4915.9,,
ESTAT:NAMQ_10_GDP(1.0),05/03/26 11:00:00,Quarterly,"Chain linked volumes (2020), million euro",Seasonally and calendar adjusted data,Gross domestic product at market prices,Malta,2025-Q1,4983.4,,
ESTAT:NAMQ_10_GDP(1.0),05/03/26 11:00:00,Quarterly,"Chain linked volumes (2020), million euro",Seasonally and calendar adjusted data,Gross domestic product at market prices,Malta,2025-Q2,5067.5,,
ESTAT:NAMQ_10_GDP(1.0),05/03/26 11:00:00,Quarterly,"Chain linked volumes (2020), million euro",Seasonally and calendar adjusted data,Gross domestic product at market prices,Malta,2025-Q3,5123.0,,
ESTAT:NAMQ_10_GDP(1.0),05/03/26 11:00:00,Quarterly,"Chain linked volumes (2020), million euro",Seasonally and calendar adjusted data,Gross domestic product at market prices,Malta,2025-Q4,5231.1,,
ESTAT:NAMQ_10_GDP(1.0),05/03/26 11:00:00,Quarterly,"Chain linked volumes (2020), million euro",Seasonally and calendar adjusted data,Gross domestic product at market prices,Netherlands,2022-Q1,223682.1,,
ESTAT:NAMQ_10_GDP(1.0),05/03/26 11:00:00,Quarterly,"Chain linked volumes (2020), million euro",Seasonally and calendar adjusted data,Gross domestic product at market prices,Netherlands,2022-Q2,228984.7,,
ESTAT:NAMQ_10_GDP(1.0),05/03/26 11:00:00,Quarterly,"Chain linked volumes (2020), million euro",Seasonally and calendar adjusted data,Gross domestic product at market prices,Netherlands,2022-Q3,229279.6,,
ESTAT:NAMQ_10_GDP(1.0),05/03/26 11:00:00,Quarterly,"Chain linked volumes (2020), million euro",Seasonally and calendar adjusted data,Gross domestic product at market prices,Netherlands,2022-Q4,228799.8,,
ESTAT:NAMQ_10_GDP(1.0),05/03/26 11:00:00,Quarterly,"Chain linked volumes (2020), million euro",Seasonally and calendar adjusted data,Gross domestic product at market prices,Netherlands,2023-Q1,227532.8,p,
ESTAT:NAMQ_10_GDP(1.0),05/03/26 11:00:00,Quarterly,"Chain linked volumes (2020), million euro",Seasonally and calendar adjusted data,Gross domestic product at market prices,Netherlands,2023-Q2,226719.3,p,
ESTAT:NAMQ_10_GDP(1.0),05/03/26 11:00:00,Quarterly,"Chain linked volumes (2020), million euro",Seasonally and calendar adjusted data,Gross domestic product at market prices,Netherlands,2023-Q3,225322.8,p,
ESTAT:NAMQ_10_GDP(1.0),05/03/26 11:00:00,Quarterly,"Chain linked volumes (2020), million euro",Seasonally and calendar adjusted data,Gross domestic product at market prices,Netherlands,2023-Q4,225880.4,p,
ESTAT:NAMQ_10_GDP(1.0),05/03/26 11:00:00,Quarterly,"Chain linked volumes (2020), million euro",Seasonally and calendar adjusted data,Gross domestic product at market prices,Netherlands,2024-Q1,226017.6,p,
ESTAT:NAMQ_10_GDP(1.0),05/03/26 11:00:00,Quarterly,"Chain linked volumes (2020), million euro",Seasonally and calendar adjusted data,Gross domestic product at market prices,Netherlands,2024-Q2,228535.1,p,
ESTAT:NAMQ_10_GDP(1.0),05/03/26 11:00:00,Quarterly,"Chain linked volumes (2020), million euro",Seasonally and calendar adjusted data,Gross domestic product at market prices,Netherlands,2024-Q3,229799.2,p,
ESTAT:NAMQ_10_GDP(1.0),05/03/26 11:00:00,Quarterly,"Chain linked volumes (2020), million euro",Seasonally and calendar adjusted data,Gross domestic product at market prices,Netherlands,2024-Q4,230839.5,p,
ESTAT:NAMQ_10_GDP(1.0),05/03/26 11:00:00,Quarterly,"Chain linked volumes (2020), million euro",Seasonally and calendar adjusted data,Gross domestic product at market prices,Netherlands,2025-Q1,231601.5,p,
ESTAT:NAMQ_10_GDP(1.0),05/03/26 11:00:00,Quarterly,"Chain linked volumes (2020), million euro",Seasonally and calendar adjusted data,Gross domestic product at market prices,Netherlands,2025-Q2,232346.9,p,
ESTAT:NAMQ_10_GDP(1.0),05/03/26 11:00:00,Quarterly,"Chain linked volumes (2020), million euro",Seasonally and calendar adjusted data,Gross domestic product at market prices,Netherlands,2025-Q3,233560.4,p,
ESTAT:NAMQ_10_GDP(1.0),05/03/26 11:00:00,Quarterly,"Chain linked volumes (2020), million euro",Seasonally and calendar adjusted data,Gross domestic product at market prices,Netherlands,2025-Q4,234772.9,p,
ESTAT:NAMQ_10_GDP(1.0),05/03/26 11:00:00,Quarterly,"Chain linked volumes (2020), million euro",Seasonally and calendar adjusted data,Gross domestic product at market prices,Poland,2022-Q1,151223.4,,
ESTAT:NAMQ_10_GDP(1.0),05/03/26 11:00:00,Quarterly,"Chain linked volumes (2020), million euro",Seasonally and calendar adjusted data,Gross domestic product at market prices,Poland,2022-Q2,149541.3,,
ESTAT:NAMQ_10_GDP(1.0),05/03/26 11:00:00,Quarterly,"Chain linked volumes (2020), million euro",Seasonally and calendar adjusted data,Gross domestic product at market prices,Poland,2022-Q3,150372.1,,
ESTAT:NAMQ_10_GDP(1.0),05/03/26 11:00:00,Quarterly,"Chain linked volumes (2020), million euro",Seasonally and calendar adjusted data,Gross domestic product at market prices,Poland,2022-Q4,147924.5,,
ESTAT:NAMQ_10_GDP(1.0),05/03/26 11:00:00,Quarterly,"Chain linked volumes (2020), million euro",Seasonally and calendar adjusted data,Gross domestic product at market prices,Poland,2023-Q1,149369.1,,
ESTAT:NAMQ_10_GDP(1.0),05/03/26 11:00:00,Quarterly,"Chain linked volumes (2020), million euro",Seasonally and calendar adjusted data,Gross domestic product at market prices,Poland,2023-Q2,148452.5,,
ESTAT:NAMQ_10_GDP(1.0),05/03/26 11:00:00,Quarterly,"Chain linked volumes (2020), million euro",Seasonally and calendar adjusted data,Gross domestic product at market prices,Poland,2023-Q3,151315.6,,
ESTAT:NAMQ_10_GDP(1.0),05/03/26 11:00:00,Quarterly,"Chain linked volumes (2020), million euro",Seasonally and calendar adjusted data,Gross domestic product at market prices,Poland,2023-Q4,150784.8,,
ESTAT:NAMQ_10_GDP(1.0),05/03/26 11:00:00,Quarterly,"Chain linked volumes (2020), million euro",Seasonally and calendar adjusted data,Gross domestic product at market prices,Poland,2024-Q1,152129.8,,
ESTAT:NAMQ_10_GDP(1.0),05/03/26 11:00:00,Quarterly,"Chain linked volumes (2020), million euro",Seasonally and calendar adjusted data,Gross domestic product at market prices,Poland,2024-Q2,154436.0,,
ESTAT:NAMQ_10_GDP(1.0),05/03/26 11:00:00,Quarterly,"Chain linked volumes (2020), million euro",Seasonally and calendar adjusted data,Gross domestic product at market prices,Poland,2024-Q3,154498.0,,
ESTAT:NAMQ_10_GDP(1.0),05/03/26 11:00:00,Quarterly,"Chain linked volumes (2020), million euro",Seasonally and calendar adjusted data,Gross domestic product at market prices,Poland,2024-Q4,156603.5,,
ESTAT:NAMQ_10_GDP(1.0),05/03/26 11:00:00,Quarterly,"Chain linked volumes (2020), million euro",Seasonally and calendar adjusted data,Gross domestic product at market prices,Poland,2025-Q1,157765.6,,
ESTAT:NAMQ_10_GDP(1.0),05/03/26 11:00:00,Quarterly,"Chain linked volumes (2020), million euro",Seasonally and calendar adjusted data,Gross domestic product at market prices,Poland,2025-Q2,159113.6,,
ESTAT:NAMQ_10_GDP(1.0),05/03/26 11:00:00,Quarterly,"Chain linked volumes (2020), million euro",Seasonally and calendar adjusted data,Gross domestic product at market prices,Poland,2025-Q3,160605.3,,
ESTAT:NAMQ_10_GDP(1.0),05/03/26 11:00:00,Quarterly,"Chain linked volumes (2020), million euro",Seasonally and calendar adjusted data,Gross domestic product at market prices,Poland,2025-Q4,162277.9,,
ESTAT:NAMQ_10_GDP(1.0),05/03/26 11:00:00,Quarterly,"Chain linked volumes (2020), million euro",Seasonally and calendar adjusted data,Gross domestic product at market prices,Portugal,2022-Q1,56172.3,,
ESTAT:NAMQ_10_GDP(1.0),05/03/26 11:00:00,Quarterly,"Chain linked volumes (2020), million euro",Seasonally and calendar adjusted data,Gross domestic product at market prices,Portugal,2022-Q2,56390.8,,
ESTAT:NAMQ_10_GDP(1.0),05/03/26 11:00:00,Quarterly,"Chain linked volumes (2020), million euro",Seasonally and calendar adjusted data,Gross domestic product at market prices,Portugal,2022-Q3,57030.4,,
ESTAT:NAMQ_10_GDP(1.0),05/03/26 11:00:00,Quarterly,"Chain linked volumes (2020), million euro",Seasonally and calendar adjusted data,Gross domestic product at market prices,Portugal,2022-Q4,57438.6,,
ESTAT:NAMQ_10_GDP(1.0),05/03/26 11:00:00,Quarterly,"Chain linked volumes (2020), million euro",Seasonally and calendar adjusted data,Gross domestic product at market prices,Portugal,2023-Q1,58168.2,,
ESTAT:NAMQ_10_GDP(1.0),05/03/26 11:00:00,Quarterly,"Chain linked volumes (2020), million euro",Seasonally and calendar adjusted data,Gross domestic product at market prices,Portugal,2023-Q2,58450.7,,
ESTAT:NAMQ_10_GDP(1.0),05/03/26 11:00:00,Quarterly,"Chain linked volumes (2020), million euro",Seasonally and calendar adjusted data,Gross domestic product at market prices,Portugal,2023-Q3,58510.5,,
ESTAT:NAMQ_10_GDP(1.0),05/03/26 11:00:00,Quarterly,"Chain linked volumes (2020), million euro",Seasonally and calendar adjusted data,Gross domestic product at market prices,Portugal,2023-Q4,58940.7,,
ESTAT:NAMQ_10_GDP(1.0),05/03/26 11:00:00,Quarterly,"Chain linked volumes (2020), million euro",Seasonally and calendar adjusted data,Gross domestic product at market prices,Portugal,2024-Q1,59361.8,p,
ESTAT:NAMQ_10_GDP(1.0),05/03/26 11:00:00,Quarterly,"Chain linked volumes (2020), million euro",Seasonally and calendar adjusted data,Gross domestic product at market prices,Portugal,2024-Q2,59671.4,p,
ESTAT:NAMQ_10_GDP(1.0),05/03/26 11:00:00,Quarterly,"Chain linked volumes (2020), million euro",Seasonally and calendar adjusted data,Gross domestic product at market prices,Portugal,2024-Q3,59757.6,p,
ESTAT:NAMQ_10_GDP(1.0),05/03/26 11:00:00,Quarterly,"Chain linked volumes (2020), million euro",Seasonally and calendar adjusted data,Gross domestic product at market prices,Portugal,2024-Q4,60463.0,p,
ESTAT:NAMQ_10_GDP(1.0),05/03/26 11:00:00,Quarterly,"Chain linked volumes (2020), million euro",Seasonally and calendar adjusted data,Gross domestic product at market prices,Portugal,2025-Q1,60293.4,p,
ESTAT:NAMQ_10_GDP(1.0),05/03/26 11:00:00,Quarterly,"Chain linked volumes (2020), million euro",Seasonally and calendar adjusted data,Gross domestic product at market prices,Portugal,2025-Q2,60705.7,p,
ESTAT:NAMQ_10_GDP(1.0),05/03/26 11:00:00,Quarterly,"Chain linked volumes (2020), million euro",Seasonally and calendar adjusted data,Gross domestic product at market prices,Portugal,2025-Q3,61076.2,p,
ESTAT:NAMQ_10_GDP(1.0),05/03/26 11:00:00,Quarterly,"Chain linked volumes (2020), million euro",Seasonally and calendar adjusted data,Gross domestic product at market prices,Portugal,2025-Q4,61637.9,p,
ESTAT:NAMQ_10_GDP(1.0),05/03/26 11:00:00,Quarterly,"Chain linked volumes (2020), million euro",Seasonally and calendar adjusted data,Gross domestic product at market prices,Romania,2022-Q1,60063.8,,
ESTAT:NAMQ_10_GDP(1.0),05/03/26 11:00:00,Quarterly,"Chain linked volumes (2020), million euro",Seasonally and calendar adjusted data,Gross domestic product at market prices,Romania,2022-Q2,60189.3,,
ESTAT:NAMQ_10_GDP(1.0),05/03/26 11:00:00,Quarterly,"Chain linked volumes (2020), million euro",Seasonally and calendar adjusted data,Gross domestic product at market prices,Romania,2022-Q3,60444.0,,
ESTAT:NAMQ_10_GDP(1.0),05/03/26 11:00:00,Quarterly,"Chain linked volumes (2020), million euro",Seasonally and calendar adjusted data,Gross domestic product at market prices,Romania,2022-Q4,61146.5,,
ESTAT:NAMQ_10_GDP(1.0),05/03/26 11:00:00,Quarterly,"Chain linked volumes (2020), million euro",Seasonally and calendar adjusted data,Gross domestic product at market prices,Romania,2023-Q1,61004.7,p,
ESTAT:NAMQ_10_GDP(1.0),05/03/26 11:00:00,Quarterly,"Chain linked volumes (2020), million euro",Seasonally and calendar adjusted data,Gross domestic product at market prices,Romania,2023-Q2,61630.3,p,
ESTAT:NAMQ_10_GDP(1.0),05/03/26 11:00:00,Quarterly,"Chain linked volumes (2020), million euro",Seasonally and calendar adjusted data,Gross domestic product at market prices,Romania,2023-Q3,62184.3,p,
ESTAT:NAMQ_10_GDP(1.0),05/03/26 11:00:00,Quarterly,"Chain linked volumes (2020), million euro",Seasonally and calendar adjusted data,Gross domestic product at market prices,Romania,2023-Q4,62484.5,p,
ESTAT:NAMQ_10_GDP(1.0),05/03/26 11:00:00,Quarterly,"Chain linked volumes (2020), million euro",Seasonally and calendar adjusted data,Gross domestic product at market prices,Romania,2024-Q1,62244.5,p,
ESTAT:NAMQ_10_GDP(1.0),05/03/26 11:00:00,Quarterly,"Chain linked volumes (2020), million euro",Seasonally and calendar adjusted data,Gross domestic product at market prices,Romania,2024-Q2,61966.4,p,
ESTAT:NAMQ_10_GDP(1.0),05/03/26 11:00:00,Quarterly,"Chain linked volumes (2020), million euro",Seasonally and calendar adjusted data,Gross domestic product at market prices,Romania,2024-Q3,62360.6,p,
ESTAT:NAMQ_10_GDP(1.0),05/03/26 11:00:00,Quarterly,"Chain linked volumes (2020), million euro",Seasonally and calendar adjusted data,Gross domestic product at market prices,Romania,2024-Q4,62997.7,p,
ESTAT:NAMQ_10_GDP(1.0),05/03/26 11:00:00,Quarterly,"Chain linked volumes (2020), million euro",Seasonally and calendar adjusted data,Gross domestic product at market prices,Romania,2025-Q1,62632.9,p,
ESTAT:NAMQ_10_GDP(1.0),05/03/26 11:00:00,Quarterly,"Chain linked volumes (2020), million euro",Seasonally and calendar adjusted data,Gross domestic product at market prices,Romania,2025-Q2,63273.5,p,
ESTAT:NAMQ_10_GDP(1.0),05/03/26 11:00:00,Quarterly,"Chain linked volumes (2020), million euro",Seasonally and calendar adjusted data,Gross domestic product at market prices,Romania,2025-Q3,63208.5,p,
ESTAT:NAMQ_10_GDP(1.0),05/03/26 11:00:00,Quarterly,"Chain linked volumes (2020), million euro",Seasonally and calendar adjusted data,Gross domestic product at market prices,Romania,2025-Q4,62004.0,p,
ESTAT:NAMQ_10_GDP(1.0),05/03/26 11:00:00,Quarterly,"Chain linked volumes (2020), million euro",Seasonally and calendar adjusted data,Gross domestic product at market prices,Sweden,2022-Q1,127119.6,,
ESTAT:NAMQ_10_GDP(1.0),05/03/26 11:00:00,Quarterly,"Chain linked volumes (2020), million euro",Seasonally and calendar adjusted data,Gross domestic product at market prices,Sweden,2022-Q2,127823.4,,
ESTAT:NAMQ_10_GDP(1.0),05/03/26 11:00:00,Quarterly,"Chain linked volumes (2020), million euro",Seasonally and calendar adjusted data,Gross domestic product at market prices,Sweden,2022-Q3,127232.5,,
ESTAT:NAMQ_10_GDP(1.0),05/03/26 11:00:00,Quarterly,"Chain linked volumes (2020), million euro",Seasonally and calendar adjusted data,Gross domestic product at market prices,Sweden,2022-Q4,126137.9,,
ESTAT:NAMQ_10_GDP(1.0),05/03/26 11:00:00,Quarterly,"Chain linked volumes (2020), million euro",Seasonally and calendar adjusted data,Gross domestic product at market prices,Sweden,2023-Q1,128031.0,,
ESTAT:NAMQ_10_GDP(1.0),05/03/26 11:00:00,Quarterly,"Chain linked volumes (2020), million euro",Seasonally and calendar adjusted data,Gross domestic product at market prices,Sweden,2023-Q2,126629.9,,
ESTAT:NAMQ_10_GDP(1.0),05/03/26 11:00:00,Quarterly,"Chain linked volumes (2020), million euro",Seasonally and calendar adjusted data,Gross domestic product at market prices,Sweden,2023-Q3,127372.8,,
ESTAT:NAMQ_10_GDP(1.0),05/03/26 11:00:00,Quarterly,"Chain linked volumes (2020), million euro",Seasonally and calendar adjusted data,Gross domestic product at market prices,Sweden,2023-Q4,126533.0,,
ESTAT:NAMQ_10_GDP(1.0),05/03/26 11:00:00,Quarterly,"Chain linked volumes (2020), million euro",Seasonally and calendar adjusted data,Gross domestic product at market prices,Sweden,2024-Q1,128369.6,,
ESTAT:NAMQ_10_GDP(1.0),05/03/26 11:00:00,Quarterly,"Chain linked volumes (2020), million euro",Seasonally and calendar adjusted data,Gross domestic product at market prices,Sweden,2024-Q2,127454.3,,
ESTAT:NAMQ_10_GDP(1.0),05/03/26 11:00:00,Quarterly,"Chain linked volumes (2020), million euro",Seasonally and calendar adjusted data,Gross domestic product at market prices,Sweden,2024-Q3,128220.4,,
ESTAT:NAMQ_10_GDP(1.0),05/03/26 11:00:00,Quarterly,"Chain linked volumes (2020), million euro",Seasonally and calendar adjusted data,Gross domestic product at market prices,Sweden,2024-Q4,129516.3,,
ESTAT:NAMQ_10_GDP(1.0),05/03/26 11:00:00,Quarterly,"Chain linked volumes (2020), million euro",Seasonally and calendar adjusted data,Gross domestic product at market prices,Sweden,2025-Q1,129142.5,,
ESTAT:NAMQ_10_GDP(1.0),05/03/26 11:00:00,Quarterly,"Chain linked volumes (2020), million euro",Seasonally and calendar adjusted data,Gross domestic product at market prices,Sweden,2025-Q2,130370.0,,
ESTAT:NAMQ_10_GDP(1.0),05/03/26 11:00:00,Quarterly,"Chain linked volumes (2020), million euro",Seasonally and calendar adjusted data,Gross domestic product at market prices,Sweden,2025-Q3,131388.3,,
ESTAT:NAMQ_10_GDP(1.0),05/03/26 11:00:00,Quarterly,"Chain linked volumes (2020), million euro",Seasonally and calendar adjusted data,Gross domestic product at market prices,Sweden,2025-Q4,132047.5,,
ESTAT:NAMQ_10_GDP(1.0),05/03/26 11:00:00,Quarterly,"Chain linked volumes (2020), million euro",Seasonally and calendar adjusted data,Gross domestic product at market prices,Slovenia,2022-Q1,12885.8,,
ESTAT:NAMQ_10_GDP(1.0),05/03/26 11:00:00,Quarterly,"Chain linked volumes (2020), million euro",Seasonally and calendar adjusted data,Gross domestic product at market prices,Slovenia,2022-Q2,12979.3,,
ESTAT:NAMQ_10_GDP(1.0),05/03/26 11:00:00,Quarterly,"Chain linked volumes (2020), million euro",Seasonally and calendar adjusted data,Gross domestic product at market prices,Slovenia,2022-Q3,12945.9,,
ESTAT:NAMQ_10_GDP(1.0),05/03/26 11:00:00,Quarterly,"Chain linked volumes (2020), million euro",Seasonally and calendar adjusted data,Gross domestic product at market prices,Slovenia,2022-Q4,13022.7,,
ESTAT:NAMQ_10_GDP(1.0),05/03/26 11:00:00,Quarterly,"Chain linked volumes (2020), million euro",Seasonally and calendar adjusted data,Gross domestic product at market prices,Slovenia,2023-Q1,13132.7,,
ESTAT:NAMQ_10_GDP(1.0),05/03/26 11:00:00,Quarterly,"Chain linked volumes (2020), million euro",Seasonally and calendar adjusted data,Gross domestic product at market prices,Slovenia,2023-Q2,13315.3,,
ESTAT:NAMQ_10_GDP(1.0),05/03/26 11:00:00,Quarterly,"Chain linked volumes (2020), million euro",Seasonally and calendar adjusted data,Gross domestic product at market prices,Slovenia,2023-Q3,13305.3,,
ESTAT:NAMQ_10_GDP(1.0),05/03/26 11:00:00,Quarterly,"Chain linked volumes (2020), million euro",Seasonally and calendar adjusted data,Gross domestic product at market prices,Slovenia,2023-Q4,13409.4,,
ESTAT:NAMQ_10_GDP(1.0),05/03/26 11:00:00,Quarterly,"Chain linked volumes (2020), million euro",Seasonally and calendar adjusted data,Gross domestic product at market prices,Slovenia,2024-Q1,13547.3,,
ESTAT:NAMQ_10_GDP(1.0),05/03/26 11:00:00,Quarterly,"Chain linked volumes (2020), million euro",Seasonally and calendar adjusted data,Gross domestic product at market prices,Slovenia,2024-Q2,13468.4,,
ESTAT:NAMQ_10_GDP(1.0),05/03/26 11:00:00,Quarterly,"Chain linked volumes (2020), million euro",Seasonally and calendar adjusted data,Gross domestic product at market prices,Slovenia,2024-Q3,13482.1,,
ESTAT:NAMQ_10_GDP(1.0),05/03/26 11:00:00,Quarterly,"Chain linked volumes (2020), million euro",Seasonally and calendar adjusted data,Gross domestic product at market prices,Slovenia,2024-Q4,13560.4,,
ESTAT:NAMQ_10_GDP(1.0),05/03/26 11:00:00,Quarterly,"Chain linked volumes (2020), million euro",Seasonally and calendar adjusted data,Gross domestic product at market prices,Slovenia,2025-Q1,13473.4,,
ESTAT:NAMQ_10_GDP(1.0),05/03/26 11:00:00,Quarterly,"Chain linked volumes (2020), million euro",Seasonally and calendar adjusted data,Gross domestic product at market prices,Slovenia,2025-Q2,13596.9,,
ESTAT:NAMQ_10_GDP(1.0),05/03/26 11:00:00,Quarterly,"Chain linked volumes (2020), million euro",Seasonally and calendar adjusted data,Gross domestic product at market prices,Slovenia,2025-Q3,13720.0,,
ESTAT:NAMQ_10_GDP(1.0),05/03/26 11:00:00,Quarterly,"Chain linked volumes (2020), million euro",Seasonally and calendar adjusted data,Gross domestic product at market prices,Slovenia,2025-Q4,13771.6,,
ESTAT:NAMQ_10_GDP(1.0),05/03/26 11:00:00,Quarterly,"Chain linked volumes (2020), million euro",Seasonally and calendar adjusted data,Gross domestic product at market prices,Slovakia,2022-Q1,25054.8,,
ESTAT:NAMQ_10_GDP(1.0),05/03/26 11:00:00,Quarterly,"Chain linked volumes (2020), million euro",Seasonally and calendar adjusted data,Gross domestic product at market prices,Slovakia,2022-Q2,24981.1,,
ESTAT:NAMQ_10_GDP(1.0),05/03/26 11:00:00,Quarterly,"Chain linked volumes (2020), million euro",Seasonally and calendar adjusted data,Gross domestic product at market prices,Slovakia,2022-Q3,25031.4,,
ESTAT:NAMQ_10_GDP(1.0),05/03/26 11:00:00,Quarterly,"Chain linked volumes (2020), million euro",Seasonally and calendar adjusted data,Gross domestic product at market prices,Slovakia,2022-Q4,25130.7,,
ESTAT:NAMQ_10_GDP(1.0),05/03/26 11:00:00,Quarterly,"Chain linked volumes (2020), million euro",Seasonally and calendar adjusted data,Gross domestic product at market prices,Slovakia,2023-Q1,25270.7,,
ESTAT:NAMQ_10_GDP(1.0),05/03/26 11:00:00,Quarterly,"Chain linked volumes (2020), million euro",Seasonally and calendar adjusted data,Gross domestic product at market prices,Slovakia,2023-Q2,25508.1,,
ESTAT:NAMQ_10_GDP(1.0),05/03/26 11:00:00,Quarterly,"Chain linked volumes (2020), million euro",Seasonally and calendar adjusted data,Gross domestic product at market prices,Slovakia,2023-Q3,25707.3,,
ESTAT:NAMQ_10_GDP(1.0),05/03/26 11:00:00,Quarterly,"Chain linked volumes (2020), million euro",Seasonally and calendar adjusted data,Gross domestic product at market prices,Slovakia,2023-Q4,25828.7,,
ESTAT:NAMQ_10_GDP(1.0),05/03/26 11:00:00,Quarterly,"Chain linked volumes (2020), million euro",Seasonally and calendar adjusted data,Gross domestic product at market prices,Slovakia,2024-Q1,25991.3,,
ESTAT:NAMQ_10_GDP(1.0),05/03/26 11:00:00,Quarterly,"Chain linked volumes (2020), million euro",Seasonally and calendar adjusted data,Gross domestic product at market prices,Slovakia,2024-Q2,26059.0,,
ESTAT:NAMQ_10_GDP(1.0),05/03/26 11:00:00,Quarterly,"Chain linked volumes (2020), million euro",Seasonally and calendar adjusted data,Gross domestic product at market prices,Slovakia,2024-Q3,26087.8,,
ESTAT:NAMQ_10_GDP(1.0),05/03/26 11:00:00,Quarterly,"Chain linked volumes (2020), million euro",Seasonally and calendar adjusted data,Gross domestic product at market prices,Slovakia,2024-Q4,26160.2,,
ESTAT:NAMQ_10_GDP(1.0),05/03/26 11:00:00,Quarterly,"Chain linked volumes (2020), million euro",Seasonally and calendar adjusted data,Gross domestic product at market prices,Slovakia,2025-Q1,26194.9,,
ESTAT:NAMQ_10_GDP(1.0),05/03/26 11:00:00,Quarterly,"Chain linked volumes (2020), million euro",Seasonally and calendar adjusted data,Gross domestic product at market prices,Slovakia,2025-Q2,26242.7,,
ESTAT:NAMQ_10_GDP(1.0),05/03/26 11:00:00,Quarterly,"Chain linked volumes (2020), million euro",Seasonally and calendar adjusted data,Gross domestic product at market prices,Slovakia,2025-Q3,26315.0,,
ESTAT:NAMQ_10_GDP(1.0),05/03/26 11:00:00,Quarterly,"Chain linked volumes (2020), million euro",Seasonally and calendar adjusted data,Gross domestic product at market prices,Slovakia,2025-Q4,26380.8,,
