DATAFLOW,LAST UPDATE,freq,purchase,unit,geo,TIME_PERIOD,OBS_VALUE,OBS_FLAG,CONF_STATUS
ESTAT:PRC_HPI_Q(1.0),09/01/26 11:00:00,Quarterly,Total,"Quarterly index, 2015=100",Austria,2019-Q4,128.74,,
ESTAT:PRC_HPI_Q(1.0),09/01/26 11:00:00,Quarterly,Total,"Quarterly index, 2015=100",Austria,2020-Q1,131.26,,
ESTAT:PRC_HPI_Q(1.0),09/01/26 11:00:00,Quarterly,Total,"Quarterly index, 2015=100",Austria,2020-Q2,134.09,,
ESTAT:PRC_HPI_Q(1.0),09/01/26 11:00:00,Quarterly,Total,"Quarterly index, 2015=100",Austria,2020-Q3,138.00,,
ESTAT:PRC_HPI_Q(1.0),09/01/26 11:00:00,Quarterly,Total,"Quarterly index, 2015=100",Austria,2020-Q4,138.71,,
ESTAT:PRC_HPI_Q(1.0),09/01/26 11:00:00,Quarterly,Total,"Quarterly index, 2015=100",Austria,2021-Q1,144.08,,
ESTAT:PRC_HPI_Q(1.0),09/01/26 11:00:00,Quarterly,Total,"Quarterly index, 2015=100",Austria,2021-Q2,149.12,,
ESTAT:PRC_HPI_Q(1.0),09/01/26 11:00:00,Quarterly,Total,"Quarterly index, 2015=100",Austria,2021-Q3,153.52,,
ESTAT:PRC_HPI_Q(1.0),09/01/26 11:00:00,Quarterly,Total,"Quarterly index, 2015=100",Austria,2021-Q4,157.34,,
ESTAT:PRC_HPI_Q(1.0),09/01/26 11:00:00,Quarterly,Total,"Quarterly index, 2015=100",Austria,2022-Q1,164.63,,
ESTAT:PRC_HPI_Q(1.0),09/01/26 11:00:00,Quarterly,Total,"Quarterly index, 2015=100",Austria,2022-Q2,169.43,,
ESTAT:PRC_HPI_Q(1.0),09/01/26 11:00:00,Quarterly,Total,"Quarterly index, 2015=100",Austria,2022-Q3,173.59,,
ESTAT:PRC_HPI_Q(1.0),09/01/26 11:00:00,Quarterly,Total,"Quarterly index, 2015=100",Austria,2022-Q4,166.32,,
ESTAT:PRC_HPI_Q(1.0),09/01/26 11:00:00,Quarterly,Total,"Quarterly index, 2015=100",Austria,2023-Q1,164.35,,
ESTAT:PRC_HPI_Q(1.0),09/01/26 11:00:00,Quarterly,Total,"Quarterly index, 2015=100",Austria,2023-Q2,164.68,,
ESTAT:PRC_HPI_Q(1.0),09/01/26 11:00:00,Quarterly,Total,"Quarterly index, 2015=100",Austria,2023-Q3,164.29,,
ESTAT:PRC_HPI_Q(1.0),09/01/26 11:00:00,Quarterly,Total,"Quarterly index, 2015=100",Austria,2023-Q4,161.40,,
ESTAT:PRC_HPI_Q(1.0),09/01/26 11:00:00,Quarterly,Total,"Quarterly index, 2015=100",Austria,2024-Q1,159.54,,
ESTAT:PRC_HPI_Q(1.0),09/01/26 11:00:00,Quarterly,Total,"Quarterly index, 2015=100",Austria,2024-Q2,164.34,,
ESTAT:PRC_HPI_Q(1.0),09/01/26 11:00:00,Quarterly,Total,"Quarterly index, 2015=100",Austria,2024-Q3,165.13,,
ESTAT:PRC_HPI_Q(1.0),09/01/26 11:00:00,Quarterly,Total,"Quarterly index, 2015=100",Austria,2024-Q4,163.23,,
ESTAT:PRC_HPI_Q(1.0),09/01/26 11:00:00,Quarterly,Total,"Quarterly index, 2015=100",Austria,2025-Q1,165.17,,
ESTAT:PRC_HPI_Q(1.0),09/01/26 11:00:00,Quarterly,Total,"Quarterly index, 2015=100",Austria,2025-Q2,166.95,,
ESTAT:PRC_HPI_Q(1.0),09/01/26 11:00:00,Quarterly,Total,"Quarterly index, 2015=100",Austria,2025-Q3,169.64,p,
ESTAT:PRC_HPI_Q(1.0),09/01/26 11:00:00,Quarterly,Total,"Quarterly index, 2015=100",Belgium,2019-Q4,114.72,,
ESTAT:PRC_HPI_Q(1.0),09/01/26 11:00:00,Quarterly,Total,"Quarterly index, 2015=100",Belgium,2020-Q1,115.24,,
ESTAT:PRC_HPI_Q(1.0),09/01/26 11:00:00,Quarterly,Total,"Quarterly index, 2015=100",Belgium,2020-Q2,116.61,,
ESTAT:PRC_HPI_Q(1.0),09/01/26 11:00:00,Quarterly,Total,"Quarterly index, 2015=100",Belgium,2020-Q3,119.05,,
ESTAT:PRC_HPI_Q(1.0),09/01/26 11:00:00,Quarterly,Total,"Quarterly index, 2015=100",Belgium,2020-Q4,121.45,,
ESTAT:PRC_HPI_Q(1.0),09/01/26 11:00:00,Quarterly,Total,"Quarterly index, 2015=100",Belgium,2021-Q1,122.41,,
ESTAT:PRC_HPI_Q(1.0),09/01/26 11:00:00,Quarterly,Total,"Quarterly index, 2015=100",Belgium,2021-Q2,124.78,,
ESTAT:PRC_HPI_Q(1.0),09/01/26 11:00:00,Quarterly,Total,"Quarterly index, 2015=100",Belgium,2021-Q3,128.04,,
ESTAT:PRC_HPI_Q(1.0),09/01/26 11:00:00,Quarterly,Total,"Quarterly index, 2015=100",Belgium,2021-Q4,128.62,,
ESTAT:PRC_HPI_Q(1.0),09/01/26 11:00:00,Quarterly,Total,"Quarterly index, 2015=100",Belgium,2022-Q1,130.02,,
ESTAT:PRC_HPI_Q(1.0),09/01/26 11:00:00,Quarterly,Total,"Quarterly index, 2015=100",Belgium,2022-Q2,132.18,,
ESTAT:PRC_HPI_Q(1.0),09/01/26 11:00:00,Quarterly,Total,"Quarterly index, 2015=100",Belgium,2022-Q3,134.96,,
ESTAT:PRC_HPI_Q(1.0),09/01/26 11:00:00,Quarterly,Total,"Quarterly index, 2015=100",Belgium,2022-Q4,134.55,,
ESTAT:PRC_HPI_Q(1.0),09/01/26 11:00:00,Quarterly,Total,"Quarterly index, 2015=100",Belgium,2023-Q1,135.04,,
ESTAT:PRC_HPI_Q(1.0),09/01/26 11:00:00,Quarterly,Total,"Quarterly index, 2015=100",Belgium,2023-Q2,134.55,,
ESTAT:PRC_HPI_Q(1.0),09/01/26 11:00:00,Quarterly,Total,"Quarterly index, 2015=100",Belgium,2023-Q3,136.31,,
ESTAT:PRC_HPI_Q(1.0),09/01/26 11:00:00,Quarterly,Total,"Quarterly index, 2015=100",Belgium,2023-Q4,138.28,,
ESTAT:PRC_HPI_Q(1.0),09/01/26 11:00:00,Quarterly,Total,"Quarterly index, 2015=100",Belgium,2024-Q1,139.36,,
ESTAT:PRC_HPI_Q(1.0),09/01/26 11:00:00,Quarterly,Total,"Quarterly index, 2015=100",Belgium,2024-Q2,138.96,,
ESTAT:PRC_HPI_Q(1.0),09/01/26 11:00:00,Quarterly,Total,"Quarterly index, 2015=100",Belgium,2024-Q3,141.16,,
ESTAT:PRC_HPI_Q(1.0),09/01/26 11:00:00,Quarterly,Total,"Quarterly index, 2015=100",Belgium,2024-Q4,142.18,,
ESTAT:PRC_HPI_Q(1.0),09/01/26 11:00:00,Quarterly,Total,"Quarterly index, 2015=100",Belgium,2025-Q1,143.08,,
ESTAT:PRC_HPI_Q(1.0),09/01/26 11:00:00,Quarterly,Total,"Quarterly index, 2015=100",Belgium,2025-Q2,142.94,,
ESTAT:PRC_HPI_Q(1.0),09/01/26 11:00:00,Quarterly,Total,"Quarterly index, 2015=100",Belgium,2025-Q3,146.39,p,
ESTAT:PRC_HPI_Q(1.0),09/01/26 11:00:00,Quarterly,Total,"Quarterly index, 2015=100",Bulgaria,2019-Q4,133.99,,
ESTAT:PRC_HPI_Q(1.0),09/01/26 11:00:00,Quarterly,Total,"Quarterly index, 2015=100",Bulgaria,2020-Q1,135.54,,
ESTAT:PRC_HPI_Q(1.0),09/01/26 11:00:00,Quarterly,Total,"Quarterly index, 2015=100",Bulgaria,2020-Q2,134.07,,
ESTAT:PRC_HPI_Q(1.0),09/01/26 11:00:00,Quarterly,Total,"Quarterly index, 2015=100",Bulgaria,2020-Q3,138.81,,
ESTAT:PRC_HPI_Q(1.0),09/01/26 11:00:00,Quarterly,Total,"Quarterly index, 2015=100",Bulgaria,2020-Q4,141.23,,
ESTAT:PRC_HPI_Q(1.0),09/01/26 11:00:00,Quarterly,Total,"Quarterly index, 2015=100",Bulgaria,2021-Q1,145.72,,
ESTAT:PRC_HPI_Q(1.0),09/01/26 11:00:00,Quarterly,Total,"Quarterly index, 2015=100",Bulgaria,2021-Q2,146.23,,
ESTAT:PRC_HPI_Q(1.0),09/01/26 11:00:00,Quarterly,Total,"Quarterly index, 2015=100",Bulgaria,2021-Q3,150.90,,
ESTAT:PRC_HPI_Q(1.0),09/01/26 11:00:00,Quarterly,Total,"Quarterly index, 2015=100",Bulgaria,2021-Q4,154.48,,
ESTAT:PRC_HPI_Q(1.0),09/01/26 11:00:00,Quarterly,Total,"Quarterly index, 2015=100",Bulgaria,2022-Q1,162.52,b,
ESTAT:PRC_HPI_Q(1.0),09/01/26 11:00:00,Quarterly,Total,"Quarterly index, 2015=100",Bulgaria,2022-Q2,167.58,,
ESTAT:PRC_HPI_Q(1.0),09/01/26 11:00:00,Quarterly,Total,"Quarterly index, 2015=100",Bulgaria,2022-Q3,174.43,,
ESTAT:PRC_HPI_Q(1.0),09/01/26 11:00:00,Quarterly,Total,"Quarterly index, 2015=100",Bulgaria,2022-Q4,175.14,,
ESTAT:PRC_HPI_Q(1.0),09/01/26 11:00:00,Quarterly,Total,"Quarterly index, 2015=100",Bulgaria,2023-Q1,177.93,,
ESTAT:PRC_HPI_Q(1.0),09/01/26 11:00:00,Quarterly,Total,"Quarterly index, 2015=100",Bulgaria,2023-Q2,185.50,,
ESTAT:PRC_HPI_Q(1.0),09/01/26 11:00:00,Quarterly,Total,"Quarterly index, 2015=100",Bulgaria,2023-Q3,190.48,,
ESTAT:PRC_HPI_Q(1.0),09/01/26 11:00:00,Quarterly,Total,"Quarterly index, 2015=100",Bulgaria,2023-Q4,192.78,,
ESTAT:PRC_HPI_Q(1.0),09/01/26 11:00:00,Quarterly,Total,"Quarterly index, 2015=100",Bulgaria,2024-Q1,206.42,,
ESTAT:PRC_HPI_Q(1.0),09/01/26 11:00:00,Quarterly,Total,"Quarterly index, 2015=100",Bulgaria,2024-Q2,213.53,,
ESTAT:PRC_HPI_Q(1.0),09/01/26 11:00:00,Quarterly,Total,"Quarterly index, 2015=100",Bulgaria,2024-Q3,221.91,,
ESTAT:PRC_HPI_Q(1.0),09/01/26 11:00:00,Quarterly,Total,"Quarterly index, 2015=100",Bulgaria,2024-Q4,228.00,,
ESTAT:PRC_HPI_Q(1.0),09/01/26 11:00:00,Quarterly,Total,"Quarterly index, 2015=100",Bulgaria,2025-Q1,237.55,,
ESTAT:PRC_HPI_Q(1.0),09/01/26 11:00:00,Quarterly,Total,"Quarterly index, 2015=100",Bulgaria,2025-Q2,246.65,,
ESTAT:PRC_HPI_Q(1.0),09/01/26 11:00:00,Quarterly,Total,"Quarterly index, 2015=100",Bulgaria,2025-Q3,256.01,p,
ESTAT:PRC_HPI_Q(1.0),09/01/26 11:00:00,Quarterly,Total,"Quarterly index, 2015=100",Cyprus,2019-Q4,109.95,,
ESTAT:PRC_HPI_Q(1.0),09/01/26 11:00:00,Quarterly,Total,"Quarterly index, 2015=100",Cyprus,2020-Q1,115.55,,
ESTAT:PRC_HPI_Q(1.0),09/01/26 11:00:00,Quarterly,Total,"Quarterly index, 2015=100",Cyprus,2020-Q2,118.83,,
ESTAT:PRC_HPI_Q(1.0),09/01/26 11:00:00,Quarterly,Total,"Quarterly index, 2015=100",Cyprus,2020-Q3,115.51,,
ESTAT:PRC_HPI_Q(1.0),09/01/26 11:00:00,Quarterly,Total,"Quarterly index, 2015=100",Cyprus,2020-Q4,120.06,,
ESTAT:PRC_HPI_Q(1.0),09/01/26 11:00:00,Quarterly,Total,"Quarterly index, 2015=100",Cyprus,2021-Q1,110.02,,
ESTAT:PRC_HPI_Q(1.0),09/01/26 11:00:00,Quarterly,Total,"Quarterly index, 2015=100",Cyprus,2021-Q2,116.01,,
ESTAT:PRC_HPI_Q(1.0),09/01/26 11:00:00,Quarterly,Total,"Quarterly index, 2015=100",Cyprus,2021-Q3,120.59,,
ESTAT:PRC_HPI_Q(1.0),09/01/26 11:00:00,Quarterly,Total,"Quarterly index, 2015=100",Cyprus,2021-Q4,116.19,,
ESTAT:PRC_HPI_Q(1.0),09/01/26 11:00:00,Quarterly,Total,"Quarterly index, 2015=100",Cyprus,2022-Q1,117.59,,
ESTAT:PRC_HPI_Q(1.0),09/01/26 11:00:00,Quarterly,Total,"Quarterly index, 2015=100",Cyprus,2022-Q2,120.21,,
ESTAT:PRC_HPI_Q(1.0),09/01/26 11:00:00,Quarterly,Total,"Quarterly index, 2015=100",Cyprus,2022-Q3,130.94,,
ESTAT:PRC_HPI_Q(1.0),09/01/26 11:00:00,Quarterly,Total,"Quarterly index, 2015=100",Cyprus,2022-Q4,124.14,,
ESTAT:PRC_HPI_Q(1.0),09/01/26 11:00:00,Quarterly,Total,"Quarterly index, 2015=100",Cyprus,2023-Q1,131.69,,
ESTAT:PRC_HPI_Q(1.0),09/01/26 11:00:00,Quarterly,Total,"Quarterly index, 2015=100",Cyprus,2023-Q2,132.20,,
ESTAT:PRC_HPI_Q(1.0),09/01/26 11:00:00,Quarterly,Total,"Quarterly index, 2015=100",Cyprus,2023-Q3,136.52,,
ESTAT:PRC_HPI_Q(1.0),09/01/26 11:00:00,Quarterly,Total,"Quarterly index, 2015=100",Cyprus,2023-Q4,137.98,,
ESTAT:PRC_HPI_Q(1.0),09/01/26 11:00:00,Quarterly,Total,"Quarterly index, 2015=100",Cyprus,2024-Q1,143.52,,
ESTAT:PRC_HPI_Q(1.0),09/01/26 11:00:00,Quarterly,Total,"Quarterly index, 2015=100",Cyprus,2024-Q2,143.34,,
ESTAT:PRC_HPI_Q(1.0),09/01/26 11:00:00,Quarterly,Total,"Quarterly index, 2015=100",Cyprus,2024-Q3,146.76,,
ESTAT:PRC_HPI_Q(1.0),09/01/26 11:00:00,Quarterly,Total,"Quarterly index, 2015=100",Cyprus,2024-Q4,144.20,,
ESTAT:PRC_HPI_Q(1.0),09/01/26 11:00:00,Quarterly,Total,"Quarterly index, 2015=100",Cyprus,2025-Q1,150.04,,
ESTAT:PRC_HPI_Q(1.0),09/01/26 11:00:00,Quarterly,Total,"Quarterly index, 2015=100",Cyprus,2025-Q2,147.24,,
ESTAT:PRC_HPI_Q(1.0),09/01/26 11:00:00,Quarterly,Total,"Quarterly index, 2015=100",Cyprus,2025-Q3,146.86,,
ESTAT:PRC_HPI_Q(1.0),09/01/26 11:00:00,Quarterly,Total,"Quarterly index, 2015=100",Czechia,2019-Q4,146.40,,
ESTAT:PRC_HPI_Q(1.0),09/01/26 11:00:00,Quarterly,Total,"Quarterly index, 2015=100",Czechia,2020-Q1,149.00,,
ESTAT:PRC_HPI_Q(1.0),09/01/26 11:00:00,Quarterly,Total,"Quarterly index, 2015=100",Czechia,2020-Q2,151.50,,
ESTAT:PRC_HPI_Q(1.0),09/01/26 11:00:00,Quarterly,Total,"Quarterly index, 2015=100",Czechia,2020-Q3,155.40,,
ESTAT:PRC_HPI_Q(1.0),09/01/26 11:00:00,Quarterly,Total,"Quarterly index, 2015=100",Czechia,2020-Q4,159.50,,
ESTAT:PRC_HPI_Q(1.0),09/01/26 11:00:00,Quarterly,Total,"Quarterly index, 2015=100",Czechia,2021-Q1,168.90,,
ESTAT:PRC_HPI_Q(1.0),09/01/26 11:00:00,Quarterly,Total,"Quarterly index, 2015=100",Czechia,2021-Q2,177.60,,
ESTAT:PRC_HPI_Q(1.0),09/01/26 11:00:00,Quarterly,Total,"Quarterly index, 2015=100",Czechia,2021-Q3,189.80,,
ESTAT:PRC_HPI_Q(1.0),09/01/26 11:00:00,Quarterly,Total,"Quarterly index, 2015=100",Czechia,2021-Q4,200.60,,
ESTAT:PRC_HPI_Q(1.0),09/01/26 11:00:00,Quarterly,Total,"Quarterly index, 2015=100",Czechia,2022-Q1,210.00,,
ESTAT:PRC_HPI_Q(1.0),09/01/26 11:00:00,Quarterly,Total,"Quarterly index, 2015=100",Czechia,2022-Q2,217.20,,
ESTAT:PRC_HPI_Q(1.0),09/01/26 11:00:00,Quarterly,Total,"Quarterly index, 2015=100",Czechia,2022-Q3,219.40,,
ESTAT:PRC_HPI_Q(1.0),09/01/26 11:00:00,Quarterly,Total,"Quarterly index, 2015=100",Czechia,2022-Q4,214.50,,
ESTAT:PRC_HPI_Q(1.0),09/01/26 11:00:00,Quarterly,Total,"Quarterly index, 2015=100",Czechia,2023-Q1,211.80,,
ESTAT:PRC_HPI_Q(1.0),09/01/26 11:00:00,Quarterly,Total,"Quarterly index, 2015=100",Czechia,2023-Q2,211.00,,
ESTAT:PRC_HPI_Q(1.0),09/01/26 11:00:00,Quarterly,Total,"Quarterly index, 2015=100",Czechia,2023-Q3,211.70,,
ESTAT:PRC_HPI_Q(1.0),09/01/26 11:00:00,Quarterly,Total,"Quarterly index, 2015=100",Czechia,2023-Q4,212.30,,
ESTAT:PRC_HPI_Q(1.0),09/01/26 11:00:00,Quarterly,Total,"Quarterly index, 2015=100",Czechia,2024-Q1,214.30,,
ESTAT:PRC_HPI_Q(1.0),09/01/26 11:00:00,Quarterly,Total,"Quarterly index, 2015=100",Czechia,2024-Q2,219.90,,
ESTAT:PRC_HPI_Q(1.0),09/01/26 11:00:00,Quarterly,Total,"Quarterly index, 2015=100",Czechia,2024-Q3,224.70,,
ESTAT:PRC_HPI_Q(1.0),09/01/26 11:00:00,Quarterly,Total,"Quarterly index, 2015=100",Czechia,2024-Q4,230.20,,
ESTAT:PRC_HPI_Q(1.0),09/01/26 11:00:00,Quarterly,Total,"Quarterly index, 2015=100",Czechia,2025-Q1,235.60,,
ESTAT:PRC_HPI_Q(1.0),09/01/26 11:00:00,Quarterly,Total,"Quarterly index, 2015=100",Czechia,2025-Q2,243.00,,
ESTAT:PRC_HPI_Q(1.0),09/01/26 11:00:00,Quarterly,Total,"Quarterly index, 2015=100",Czechia,2025-Q3,249.00,,
ESTAT:PRC_HPI_Q(1.0),09/01/26 11:00:00,Quarterly,Total,"Quarterly index, 2015=100",Germany,2019-Q4,132.70,,
ESTAT:PRC_HPI_Q(1.0),09/01/26 11:00:00,Quarterly,Total,"Quarterly index, 2015=100",Germany,2020-Q1,133.80,,
ESTAT:PRC_HPI_Q(1.0),09/01/26 11:00:00,Quarterly,Total,"Quarterly index, 2015=100",Germany,2020-Q2,136.20,,
ESTAT:PRC_HPI_Q(1.0),09/01/26 11:00:00,Quarterly,Total,"Quarterly index, 2015=100",Germany,2020-Q3,140.30,,
ESTAT:PRC_HPI_Q(1.0),09/01/26 11:00:00,Quarterly,Total,"Quarterly index, 2015=100",Germany,2020-Q4,144.30,,
ESTAT:PRC_HPI_Q(1.0),09/01/26 11:00:00,Quarterly,Total,"Quarterly index, 2015=100",Germany,2021-Q1,146.30,,
ESTAT:PRC_HPI_Q(1.0),09/01/26 11:00:00,Quarterly,Total,"Quarterly index, 2015=100",Germany,2021-Q2,151.80,,
ESTAT:PRC_HPI_Q(1.0),09/01/26 11:00:00,Quarterly,Total,"Quarterly index, 2015=100",Germany,2021-Q3,158.20,,
ESTAT:PRC_HPI_Q(1.0),09/01/26 11:00:00,Quarterly,Total,"Quarterly index, 2015=100",Germany,2021-Q4,162.50,,
ESTAT:PRC_HPI_Q(1.0),09/01/26 11:00:00,Quarterly,Total,"Quarterly index, 2015=100",Germany,2022-Q1,164.10,,
ESTAT:PRC_HPI_Q(1.0),09/01/26 11:00:00,Quarterly,Total,"Quarterly index, 2015=100",Germany,2022-Q2,167.40,,
ESTAT:PRC_HPI_Q(1.0),09/01/26 11:00:00,Quarterly,Total,"Quarterly index, 2015=100",Germany,2022-Q3,166.30,,
ESTAT:PRC_HPI_Q(1.0),09/01/26 11:00:00,Quarterly,Total,"Quarterly index, 2015=100",Germany,2022-Q4,158.50,,
ESTAT:PRC_HPI_Q(1.0),09/01/26 11:00:00,Quarterly,Total,"Quarterly index, 2015=100",Germany,2023-Q1,153.70,,
ESTAT:PRC_HPI_Q(1.0),09/01/26 11:00:00,Quarterly,Total,"Quarterly index, 2015=100",Germany,2023-Q2,151.60,,
ESTAT:PRC_HPI_Q(1.0),09/01/26 11:00:00,Quarterly,Total,"Quarterly index, 2015=100",Germany,2023-Q3,149.30,,
ESTAT:PRC_HPI_Q(1.0),09/01/26 11:00:00,Quarterly,Total,"Quarterly index, 2015=100",Germany,2023-Q4,146.40,,
ESTAT:PRC_HPI_Q(1.0),09/01/26 11:00:00,Quarterly,Total,"Quarterly index, 2015=100",Germany,2024-Q1,145.80,,
ESTAT:PRC_HPI_Q(1.0),09/01/26 11:00:00,Quarterly,Total,"Quarterly index, 2015=100",Germany,2024-Q2,147.80,,
ESTAT:PRC_HPI_Q(1.0),09/01/26 11:00:00,Quarterly,Total,"Quarterly index, 2015=100",Germany,2024-Q3,149.00,,
ESTAT:PRC_HPI_Q(1.0),09/01/26 11:00:00,Quarterly,Total,"Quarterly index, 2015=100",Germany,2024-Q4,149.20,,
ESTAT:PRC_HPI_Q(1.0),09/01/26 11:00:00,Quarterly,Total,"Quarterly index, 2015=100",Germany,2025-Q1,150.90,p,
ESTAT:PRC_HPI_Q(1.0),09/01/26 11:00:00,Quarterly,Total,"Quarterly index, 2015=100",Germany,2025-Q2,152.40,p,
ESTAT:PRC_HPI_Q(1.0),09/01/26 11:00:00,Quarterly,Total,"Quarterly index, 2015=100",Germany,2025-Q3,153.90,p,
ESTAT:PRC_HPI_Q(1.0),09/01/26 11:00:00,Quarterly,Total,"Quarterly index, 2015=100",Denmark,2019-Q4,117.50,,
ESTAT:PRC_HPI_Q(1.0),09/01/26 11:00:00,Quarterly,Total,"Quarterly index, 2015=100",Denmark,2020-Q1,118.28,,
ESTAT:PRC_HPI_Q(1.0),09/01/26 11:00:00,Quarterly,Total,"Quarterly index, 2015=100",Denmark,2020-Q2,120.79,,
ESTAT:PRC_HPI_Q(1.0),09/01/26 11:00:00,Quarterly,Total,"Quarterly index, 2015=100",Denmark,2020-Q3,123.65,,
ESTAT:PRC_HPI_Q(1.0),09/01/26 11:00:00,Quarterly,Total,"Quarterly index, 2015=100",Denmark,2020-Q4,125.98,,
ESTAT:PRC_HPI_Q(1.0),09/01/26 11:00:00,Quarterly,Total,"Quarterly index, 2015=100",Denmark,2021-Q1,129.02,,
ESTAT:PRC_HPI_Q(1.0),09/01/26 11:00:00,Quarterly,Total,"Quarterly index, 2015=100",Denmark,2021-Q2,136.23,,
ESTAT:PRC_HPI_Q(1.0),09/01/26 11:00:00,Quarterly,Total,"Quarterly index, 2015=100",Denmark,2021-Q3,139.81,,
ESTAT:PRC_HPI_Q(1.0),09/01/26 11:00:00,Quarterly,Total,"Quarterly index, 2015=100",Denmark,2021-Q4,140.05,,
ESTAT:PRC_HPI_Q(1.0),09/01/26 11:00:00,Quarterly,Total,"Quarterly index, 2015=100",Denmark,2022-Q1,141.45,,
ESTAT:PRC_HPI_Q(1.0),09/01/26 11:00:00,Quarterly,Total,"Quarterly index, 2015=100",Denmark,2022-Q2,143.96,,
ESTAT:PRC_HPI_Q(1.0),09/01/26 11:00:00,Quarterly,Total,"Quarterly index, 2015=100",Denmark,2022-Q3,144.39,,
ESTAT:PRC_HPI_Q(1.0),09/01/26 11:00:00,Quarterly,Total,"Quarterly index, 2015=100",Denmark,2022-Q4,140.99,,
ESTAT:PRC_HPI_Q(1.0),09/01/26 11:00:00,Quarterly,Total,"Quarterly index, 2015=100",Denmark,2023-Q1,135.13,,
ESTAT:PRC_HPI_Q(1.0),09/01/26 11:00:00,Quarterly,Total,"Quarterly index, 2015=100",Denmark,2023-Q2,135.67,,
ESTAT:PRC_HPI_Q(1.0),09/01/26 11:00:00,Quarterly,Total,"Quarterly index, 2015=100",Denmark,2023-Q3,138.07,,
ESTAT:PRC_HPI_Q(1.0),09/01/26 11:00:00,Quarterly,Total,"Quarterly index, 2015=100",Denmark,2023-Q4,140.26,,
ESTAT:PRC_HPI_Q(1.0),09/01/26 11:00:00,Quarterly,Total,"Quarterly index, 2015=100",Denmark,2024-Q1,136.66,,
ESTAT:PRC_HPI_Q(1.0),09/01/26 11:00:00,Quarterly,Total,"Quarterly index, 2015=100",Denmark,2024-Q2,140.94,,
ESTAT:PRC_HPI_Q(1.0),09/01/26 11:00:00,Quarterly,Total,"Quarterly index, 2015=100",Denmark,2024-Q3,145.27,,
ESTAT:PRC_HPI_Q(1.0),09/01/26 11:00:00,Quarterly,Total,"Quarterly index, 2015=100",Denmark,2024-Q4,145.57,,
ESTAT:PRC_HPI_Q(1.0),09/01/26 11:00:00,Quarterly,Total,"Quarterly index, 2015=100",Denmark,2025-Q1,148.72,,
ESTAT:PRC_HPI_Q(1.0),09/01/26 11:00:00,Quarterly,Total,"Quarterly index, 2015=100",Denmark,2025-Q2,151.40,,
ESTAT:PRC_HPI_Q(1.0),09/01/26 11:00:00,Quarterly,Total,"Quarterly index, 2015=100",Denmark,2025-Q3,155.15,,
ESTAT:PRC_HPI_Q(1.0),09/01/26 11:00:00,Quarterly,Total,"Quarterly index, 2015=100",Estonia,2019-Q4,129.79,,
ESTAT:PRC_HPI_Q(1.0),09/01/26 11:00:00,Quarterly,Total,"Quarterly index, 2015=100",Estonia,2020-Q1,135.98,,
ESTAT:PRC_HPI_Q(1.0),09/01/26 11:00:00,Quarterly,Total,"Quarterly index, 2015=100",Estonia,2020-Q2,128.10,,
ESTAT:PRC_HPI_Q(1.0),09/01/26 11:00:00,Quarterly,Total,"Quarterly index, 2015=100",Estonia,2020-Q3,131.08,,
ESTAT:PRC_HPI_Q(1.0),09/01/26 11:00:00,Quarterly,Total,"Quarterly index, 2015=100",Estonia,2020-Q4,136.01,,
ESTAT:PRC_HPI_Q(1.0),09/01/26 11:00:00,Quarterly,Total,"Quarterly index, 2015=100",Estonia,2021-Q1,144.93,,
ESTAT:PRC_HPI_Q(1.0),09/01/26 11:00:00,Quarterly,Total,"Quarterly index, 2015=100",Estonia,2021-Q2,148.69,,
ESTAT:PRC_HPI_Q(1.0),09/01/26 11:00:00,Quarterly,Total,"Quarterly index, 2015=100",Estonia,2021-Q3,153.71,,
ESTAT:PRC_HPI_Q(1.0),09/01/26 11:00:00,Quarterly,Total,"Quarterly index, 2015=100",Estonia,2021-Q4,163.78,,
ESTAT:PRC_HPI_Q(1.0),09/01/26 11:00:00,Quarterly,Total,"Quarterly index, 2015=100",Estonia,2022-Q1,175.37,,
ESTAT:PRC_HPI_Q(1.0),09/01/26 11:00:00,Quarterly,Total,"Quarterly index, 2015=100",Estonia,2022-Q2,189.36,,
ESTAT:PRC_HPI_Q(1.0),09/01/26 11:00:00,Quarterly,Total,"Quarterly index, 2015=100",Estonia,2022-Q3,190.94,,
ESTAT:PRC_HPI_Q(1.0),09/01/26 11:00:00,Quarterly,Total,"Quarterly index, 2015=100",Estonia,2022-Q4,191.38,,
ESTAT:PRC_HPI_Q(1.0),09/01/26 11:00:00,Quarterly,Total,"Quarterly index, 2015=100",Estonia,2023-Q1,191.43,,
ESTAT:PRC_HPI_Q(1.0),09/01/26 11:00:00,Quarterly,Total,"Quarterly index, 2015=100",Estonia,2023-Q2,198.79,,
ESTAT:PRC_HPI_Q(1.0),09/01/26 11:00:00,Quarterly,Total,"Quarterly index, 2015=100",Estonia,2023-Q3,198.26,,
ESTAT:PRC_HPI_Q(1.0),09/01/26 11:00:00,Quarterly,Total,"Quarterly index, 2015=100",Estonia,2023-Q4,202.40,,
ESTAT:PRC_HPI_Q(1.0),09/01/26 11:00:00,Quarterly,Total,"Quarterly index, 2015=100",Estonia,2024-Q1,206.38,,
ESTAT:PRC_HPI_Q(1.0),09/01/26 11:00:00,Quarterly,Total,"Quarterly index, 2015=100",Estonia,2024-Q2,212.10,,
ESTAT:PRC_HPI_Q(1.0),09/01/26 11:00:00,Quarterly,Total,"Quarterly index, 2015=100",Estonia,2024-Q3,211.03,,
ESTAT:PRC_HPI_Q(1.0),09/01/26 11:00:00,Quarterly,Total,"Quarterly index, 2015=100",Estonia,2024-Q4,209.64,,
ESTAT:PRC_HPI_Q(1.0),09/01/26 11:00:00,Quarterly,Total,"Quarterly index, 2015=100",Estonia,2025-Q1,215.90,,
ESTAT:PRC_HPI_Q(1.0),09/01/26 11:00:00,Quarterly,Total,"Quarterly index, 2015=100",Estonia,2025-Q2,223.74,,
ESTAT:PRC_HPI_Q(1.0),09/01/26 11:00:00,Quarterly,Total,"Quarterly index, 2015=100",Estonia,2025-Q3,221.98,,
ESTAT:PRC_HPI_Q(1.0),09/01/26 11:00:00,Quarterly,Total,"Quarterly index, 2015=100",Spain,2019-Q4,125.44,,
ESTAT:PRC_HPI_Q(1.0),09/01/26 11:00:00,Quarterly,Total,"Quarterly index, 2015=100",Spain,2020-Q1,126.92,,
ESTAT:PRC_HPI_Q(1.0),09/01/26 11:00:00,Quarterly,Total,"Quarterly index, 2015=100",Spain,2020-Q2,126.98,,
ESTAT:PRC_HPI_Q(1.0),09/01/26 11:00:00,Quarterly,Total,"Quarterly index, 2015=100",Spain,2020-Q3,128.56,,
ESTAT:PRC_HPI_Q(1.0),09/01/26 11:00:00,Quarterly,Total,"Quarterly index, 2015=100",Spain,2020-Q4,127.55,,
ESTAT:PRC_HPI_Q(1.0),09/01/26 11:00:00,Quarterly,Total,"Quarterly index, 2015=100",Spain,2021-Q1,128.12,,
ESTAT:PRC_HPI_Q(1.0),09/01/26 11:00:00,Quarterly,Total,"Quarterly index, 2015=100",Spain,2021-Q2,131.15,,
ESTAT:PRC_HPI_Q(1.0),09/01/26 11:00:00,Quarterly,Total,"Quarterly index, 2015=100",Spain,2021-Q3,133.92,,
ESTAT:PRC_HPI_Q(1.0),09/01/26 11:00:00,Quarterly,Total,"Quarterly index, 2015=100",Spain,2021-Q4,135.58,,
ESTAT:PRC_HPI_Q(1.0),09/01/26 11:00:00,Quarterly,Total,"Quarterly index, 2015=100",Spain,2022-Q1,139.05,,
ESTAT:PRC_HPI_Q(1.0),09/01/26 11:00:00,Quarterly,Total,"Quarterly index, 2015=100",Spain,2022-Q2,141.71,,
ESTAT:PRC_HPI_Q(1.0),09/01/26 11:00:00,Quarterly,Total,"Quarterly index, 2015=100",Spain,2022-Q3,144.15,,
ESTAT:PRC_HPI_Q(1.0),09/01/26 11:00:00,Quarterly,Total,"Quarterly index, 2015=100",Spain,2022-Q4,142.99,,
ESTAT:PRC_HPI_Q(1.0),09/01/26 11:00:00,Quarterly,Total,"Quarterly index, 2015=100",Spain,2023-Q1,143.98,,
ESTAT:PRC_HPI_Q(1.0),09/01/26 11:00:00,Quarterly,Total,"Quarterly index, 2015=100",Spain,2023-Q2,146.97,,
ESTAT:PRC_HPI_Q(1.0),09/01/26 11:00:00,Quarterly,Total,"Quarterly index, 2015=100",Spain,2023-Q3,150.68,,
ESTAT:PRC_HPI_Q(1.0),09/01/26 11:00:00,Quarterly,Total,"Quarterly index, 2015=100",Spain,2023-Q4,149.13,,
ESTAT:PRC_HPI_Q(1.0),09/01/26 11:00:00,Quarterly,Total,"Quarterly index, 2015=100",Spain,2024-Q1,153.18,,
ESTAT:PRC_HPI_Q(1.0),09/01/26 11:00:00,Quarterly,Total,"Quarterly index, 2015=100",Spain,2024-Q2,158.63,,
ESTAT:PRC_HPI_Q(1.0),09/01/26 11:00:00,Quarterly,Total,"Quarterly index, 2015=100",Spain,2024-Q3,163.12,,
ESTAT:PRC_HPI_Q(1.0),09/01/26 11:00:00,Quarterly,Total,"Quarterly index, 2015=100",Spain,2024-Q4,166.07,,
ESTAT:PRC_HPI_Q(1.0),09/01/26 11:00:00,Quarterly,Total,"Quarterly index, 2015=100",Spain,2025-Q1,172.00,,
ESTAT:PRC_HPI_Q(1.0),09/01/26 11:00:00,Quarterly,Total,"Quarterly index, 2015=100",Spain,2025-Q2,178.89,,
ESTAT:PRC_HPI_Q(1.0),09/01/26 11:00:00,Quarterly,Total,"Quarterly index, 2015=100",Spain,2025-Q3,184.06,,
ESTAT:PRC_HPI_Q(1.0),09/01/26 11:00:00,Quarterly,Total,"Quarterly index, 2015=100",Finland,2019-Q4,103.29,,
ESTAT:PRC_HPI_Q(1.0),09/01/26 11:00:00,Quarterly,Total,"Quarterly index, 2015=100",Finland,2020-Q1,104.28,,
ESTAT:PRC_HPI_Q(1.0),09/01/26 11:00:00,Quarterly,Total,"Quarterly index, 2015=100",Finland,2020-Q2,105.36,,
ESTAT:PRC_HPI_Q(1.0),09/01/26 11:00:00,Quarterly,Total,"Quarterly index, 2015=100",Finland,2020-Q3,105.79,,
ESTAT:PRC_HPI_Q(1.0),09/01/26 11:00:00,Quarterly,Total,"Quarterly index, 2015=100",Finland,2020-Q4,106.95,,
ESTAT:PRC_HPI_Q(1.0),09/01/26 11:00:00,Quarterly,Total,"Quarterly index, 2015=100",Finland,2021-Q1,108.58,,
ESTAT:PRC_HPI_Q(1.0),09/01/26 11:00:00,Quarterly,Total,"Quarterly index, 2015=100",Finland,2021-Q2,111.19,,
ESTAT:PRC_HPI_Q(1.0),09/01/26 11:00:00,Quarterly,Total,"Quarterly index, 2015=100",Finland,2021-Q3,110.93,,
ESTAT:PRC_HPI_Q(1.0),09/01/26 11:00:00,Quarterly,Total,"Quarterly index, 2015=100",Finland,2021-Q4,111.12,,
ESTAT:PRC_HPI_Q(1.0),09/01/26 11:00:00,Quarterly,Total,"Quarterly index, 2015=100",Finland,2022-Q1,111.85,,
ESTAT:PRC_HPI_Q(1.0),09/01/26 11:00:00,Quarterly,Total,"Quarterly index, 2015=100",Finland,2022-Q2,113.46,,
ESTAT:PRC_HPI_Q(1.0),09/01/26 11:00:00,Quarterly,Total,"Quarterly index, 2015=100",Finland,2022-Q3,112.24,,
ESTAT:PRC_HPI_Q(1.0),09/01/26 11:00:00,Quarterly,Total,"Quarterly index, 2015=100",Finland,2022-Q4,108.51,,
ESTAT:PRC_HPI_Q(1.0),09/01/26 11:00:00,Quarterly,Total,"Quarterly index, 2015=100",Finland,2023-Q1,105.75,,
ESTAT:PRC_HPI_Q(1.0),09/01/26 11:00:00,Quarterly,Total,"Quarterly index, 2015=100",Finland,2023-Q2,106.58,,
ESTAT:PRC_HPI_Q(1.0),09/01/26 11:00:00,Quarterly,Total,"Quarterly index, 2015=100",Finland,2023-Q3,103.51,,
ESTAT:PRC_HPI_Q(1.0),09/01/26 11:00:00,Quarterly,Total,"Quarterly index, 2015=100",Finland,2023-Q4,102.48,,
ESTAT:PRC_HPI_Q(1.0),09/01/26 11:00:00,Quarterly,Total,"Quarterly index, 2015=100",Finland,2024-Q1,101.50,,
ESTAT:PRC_HPI_Q(1.0),09/01/26 11:00:00,Quarterly,Total,"Quarterly index, 2015=100",Finland,2024-Q2,101.85,,
ESTAT:PRC_HPI_Q(1.0),09/01/26 11:00:00,Quarterly,Total,"Quarterly index, 2015=100",Finland,2024-Q3,101.45,,
ESTAT:PRC_HPI_Q(1.0),09/01/26 11:00:00,Quarterly,Total,"Quarterly index, 2015=100",Finland,2024-Q4,100.59,,
ESTAT:PRC_HPI_Q(1.0),09/01/26 11:00:00,Quarterly,Total,"Quarterly index, 2015=100",Finland,2025-Q1,99.56,,
ESTAT:PRC_HPI_Q(1.0),09/01/26 11:00:00,Quarterly,Total,"Quarterly index, 2015=100",Finland,2025-Q2,100.50,,
ESTAT:PRC_HPI_Q(1.0),09/01/26 11:00:00,Quarterly,Total,"Quarterly index, 2015=100",Finland,2025-Q3,98.28,,
ESTAT:PRC_HPI_Q(1.0),09/01/26 11:00:00,Quarterly,Total,"Quarterly index, 2015=100",France,2019-Q4,112.69,,
ESTAT:PRC_HPI_Q(1.0),09/01/26 11:00:00,Quarterly,Total,"Quarterly index, 2015=100",France,2020-Q1,113.87,,
ESTAT:PRC_HPI_Q(1.0),09/01/26 11:00:00,Quarterly,Total,"Quarterly index, 2015=100",France,2020-Q2,115.52,,
ESTAT:PRC_HPI_Q(1.0),09/01/26 11:00:00,Quarterly,Total,"Quarterly index, 2015=100",France,2020-Q3,117.80,,
ESTAT:PRC_HPI_Q(1.0),09/01/26 11:00:00,Quarterly,Total,"Quarterly index, 2015=100",France,2020-Q4,119.27,,
ESTAT:PRC_HPI_Q(1.0),09/01/26 11:00:00,Quarterly,Total,"Quarterly index, 2015=100",France,2021-Q1,120.15,,
ESTAT:PRC_HPI_Q(1.0),09/01/26 11:00:00,Quarterly,Total,"Quarterly index, 2015=100",France,2021-Q2,122.12,,
ESTAT:PRC_HPI_Q(1.0),09/01/26 11:00:00,Quarterly,Total,"Quarterly index, 2015=100",France,2021-Q3,126.11,,
ESTAT:PRC_HPI_Q(1.0),09/01/26 11:00:00,Quarterly,Total,"Quarterly index, 2015=100",France,2021-Q4,127.52,,
ESTAT:PRC_HPI_Q(1.0),09/01/26 11:00:00,Quarterly,Total,"Quarterly index, 2015=100",France,2022-Q1,128.60,,
ESTAT:PRC_HPI_Q(1.0),09/01/26 11:00:00,Quarterly,Total,"Quarterly index, 2015=100",France,2022-Q2,130.83,,
ESTAT:PRC_HPI_Q(1.0),09/01/26 11:00:00,Quarterly,Total,"Quarterly index, 2015=100",France,2022-Q3,134.34,,
ESTAT:PRC_HPI_Q(1.0),09/01/26 11:00:00,Quarterly,Total,"Quarterly index, 2015=100",France,2022-Q4,133.50,,
ESTAT:PRC_HPI_Q(1.0),09/01/26 11:00:00,Quarterly,Total,"Quarterly index, 2015=100",France,2023-Q1,132.32,,
ESTAT:PRC_HPI_Q(1.0),09/01/26 11:00:00,Quarterly,Total,"Quarterly index, 2015=100",France,2023-Q2,131.72,,
ESTAT:PRC_HPI_Q(1.0),09/01/26 11:00:00,Quarterly,Total,"Quarterly index, 2015=100",France,2023-Q3,132.25,,
ESTAT:PRC_HPI_Q(1.0),09/01/26 11:00:00,Quarterly,Total,"Quarterly index, 2015=100",France,2023-Q4,128.73,,
ESTAT:PRC_HPI_Q(1.0),09/01/26 11:00:00,Quarterly,Total,"Quarterly index, 2015=100",France,2024-Q1,125.96,,
ESTAT:PRC_HPI_Q(1.0),09/01/26 11:00:00,Quarterly,Total,"Quarterly index, 2015=100",France,2024-Q2,125.68,,
ESTAT:PRC_HPI_Q(1.0),09/01/26 11:00:00,Quarterly,Total,"Quarterly index, 2015=100",France,2024-Q3,127.64,,
ESTAT:PRC_HPI_Q(1.0),09/01/26 11:00:00,Quarterly,Total,"Quarterly index, 2015=100",France,2024-Q4,126.28,,
ESTAT:PRC_HPI_Q(1.0),09/01/26 11:00:00,Quarterly,Total,"Quarterly index, 2015=100",France,2025-Q1,126.54,,
ESTAT:PRC_HPI_Q(1.0),09/01/26 11:00:00,Quarterly,Total,"Quarterly index, 2015=100",France,2025-Q2,126.54,,
ESTAT:PRC_HPI_Q(1.0),09/01/26 11:00:00,Quarterly,Total,"Quarterly index, 2015=100",France,2025-Q3,128.54,p,
ESTAT:PRC_HPI_Q(1.0),09/01/26 11:00:00,Quarterly,Total,"Quarterly index, 2015=100",Croatia,2019-Q4,124.90,,
ESTAT:PRC_HPI_Q(1.0),09/01/26 11:00:00,Quarterly,Total,"Quarterly index, 2015=100",Croatia,2020-Q1,128.25,,
ESTAT:PRC_HPI_Q(1.0),09/01/26 11:00:00,Quarterly,Total,"Quarterly index, 2015=100",Croatia,2020-Q2,130.57,,
ESTAT:PRC_HPI_Q(1.0),09/01/26 11:00:00,Quarterly,Total,"Quarterly index, 2015=100",Croatia,2020-Q3,129.75,,
ESTAT:PRC_HPI_Q(1.0),09/01/26 11:00:00,Quarterly,Total,"Quarterly index, 2015=100",Croatia,2020-Q4,132.95,,
ESTAT:PRC_HPI_Q(1.0),09/01/26 11:00:00,Quarterly,Total,"Quarterly index, 2015=100",Croatia,2021-Q1,134.19,,
ESTAT:PRC_HPI_Q(1.0),09/01/26 11:00:00,Quarterly,Total,"Quarterly index, 2015=100",Croatia,2021-Q2,139.03,,
ESTAT:PRC_HPI_Q(1.0),09/01/26 11:00:00,Quarterly,Total,"Quarterly index, 2015=100",Croatia,2021-Q3,141.44,,
ESTAT:PRC_HPI_Q(1.0),09/01/26 11:00:00,Quarterly,Total,"Quarterly index, 2015=100",Croatia,2021-Q4,144.99,,
ESTAT:PRC_HPI_Q(1.0),09/01/26 11:00:00,Quarterly,Total,"Quarterly index, 2015=100",Croatia,2022-Q1,152.25,,
ESTAT:PRC_HPI_Q(1.0),09/01/26 11:00:00,Quarterly,Total,"Quarterly index, 2015=100",Croatia,2022-Q2,157.94,,
ESTAT:PRC_HPI_Q(1.0),09/01/26 11:00:00,Quarterly,Total,"Quarterly index, 2015=100",Croatia,2022-Q3,162.44,,
ESTAT:PRC_HPI_Q(1.0),09/01/26 11:00:00,Quarterly,Total,"Quarterly index, 2015=100",Croatia,2022-Q4,170.11,,
ESTAT:PRC_HPI_Q(1.0),09/01/26 11:00:00,Quarterly,Total,"Quarterly index, 2015=100",Croatia,2023-Q1,173.56,,
ESTAT:PRC_HPI_Q(1.0),09/01/26 11:00:00,Quarterly,Total,"Quarterly index, 2015=100",Croatia,2023-Q2,179.63,,
ESTAT:PRC_HPI_Q(1.0),09/01/26 11:00:00,Quarterly,Total,"Quarterly index, 2015=100",Croatia,2023-Q3,180.09,,
ESTAT:PRC_HPI_Q(1.0),09/01/26 11:00:00,Quarterly,Total,"Quarterly index, 2015=100",Croatia,2023-Q4,186.24,,
ESTAT:PRC_HPI_Q(1.0),09/01/26 11:00:00,Quarterly,Total,"Quarterly index, 2015=100",Croatia,2024-Q1,189.41,,
ESTAT:PRC_HPI_Q(1.0),09/01/26 11:00:00,Quarterly,Total,"Quarterly index, 2015=100",Croatia,2024-Q2,197.53,,
ESTAT:PRC_HPI_Q(1.0),09/01/26 11:00:00,Quarterly,Total,"Quarterly index, 2015=100",Croatia,2024-Q3,202.19,,
ESTAT:PRC_HPI_Q(1.0),09/01/26 11:00:00,Quarterly,Total,"Quarterly index, 2015=100",Croatia,2024-Q4,205.01,,
ESTAT:PRC_HPI_Q(1.0),09/01/26 11:00:00,Quarterly,Total,"Quarterly index, 2015=100",Croatia,2025-Q1,214.18,p,
ESTAT:PRC_HPI_Q(1.0),09/01/26 11:00:00,Quarterly,Total,"Quarterly index, 2015=100",Croatia,2025-Q2,223.65,,
ESTAT:PRC_HPI_Q(1.0),09/01/26 11:00:00,Quarterly,Total,"Quarterly index, 2015=100",Croatia,2025-Q3,230.07,,
ESTAT:PRC_HPI_Q(1.0),09/01/26 11:00:00,Quarterly,Total,"Quarterly index, 2015=100",Hungary,2019-Q4,171.88,,
ESTAT:PRC_HPI_Q(1.0),09/01/26 11:00:00,Quarterly,Total,"Quarterly index, 2015=100",Hungary,2020-Q1,178.74,,
ESTAT:PRC_HPI_Q(1.0),09/01/26 11:00:00,Quarterly,Total,"Quarterly index, 2015=100",Hungary,2020-Q2,174.90,,
ESTAT:PRC_HPI_Q(1.0),09/01/26 11:00:00,Quarterly,Total,"Quarterly index, 2015=100",Hungary,2020-Q3,181.59,,
ESTAT:PRC_HPI_Q(1.0),09/01/26 11:00:00,Quarterly,Total,"Quarterly index, 2015=100",Hungary,2020-Q4,179.08,,
ESTAT:PRC_HPI_Q(1.0),09/01/26 11:00:00,Quarterly,Total,"Quarterly index, 2015=100",Hungary,2021-Q1,195.95,,
ESTAT:PRC_HPI_Q(1.0),09/01/26 11:00:00,Quarterly,Total,"Quarterly index, 2015=100",Hungary,2021-Q2,204.40,,
ESTAT:PRC_HPI_Q(1.0),09/01/26 11:00:00,Quarterly,Total,"Quarterly index, 2015=100",Hungary,2021-Q3,211.94,,
ESTAT:PRC_HPI_Q(1.0),09/01/26 11:00:00,Quarterly,Total,"Quarterly index, 2015=100",Hungary,2021-Q4,219.86,,
ESTAT:PRC_HPI_Q(1.0),09/01/26 11:00:00,Quarterly,Total,"Quarterly index, 2015=100",Hungary,2022-Q1,241.42,,
ESTAT:PRC_HPI_Q(1.0),09/01/26 11:00:00,Quarterly,Total,"Quarterly index, 2015=100",Hungary,2022-Q2,255.23,,
ESTAT:PRC_HPI_Q(1.0),09/01/26 11:00:00,Quarterly,Total,"Quarterly index, 2015=100",Hungary,2022-Q3,262.98,,
ESTAT:PRC_HPI_Q(1.0),09/01/26 11:00:00,Quarterly,Total,"Quarterly index, 2015=100",Hungary,2022-Q4,258.43,,
ESTAT:PRC_HPI_Q(1.0),09/01/26 11:00:00,Quarterly,Total,"Quarterly index, 2015=100",Hungary,2023-Q1,268.81,,
ESTAT:PRC_HPI_Q(1.0),09/01/26 11:00:00,Quarterly,Total,"Quarterly index, 2015=100",Hungary,2023-Q2,271.54,,
ESTAT:PRC_HPI_Q(1.0),09/01/26 11:00:00,Quarterly,Total,"Quarterly index, 2015=100",Hungary,2023-Q3,272.63,,
ESTAT:PRC_HPI_Q(1.0),09/01/26 11:00:00,Quarterly,Total,"Quarterly index, 2015=100",Hungary,2023-Q4,277.19,,
ESTAT:PRC_HPI_Q(1.0),09/01/26 11:00:00,Quarterly,Total,"Quarterly index, 2015=100",Hungary,2024-Q1,300.99,,
ESTAT:PRC_HPI_Q(1.0),09/01/26 11:00:00,Quarterly,Total,"Quarterly index, 2015=100",Hungary,2024-Q2,306.51,p,
ESTAT:PRC_HPI_Q(1.0),09/01/26 11:00:00,Quarterly,Total,"Quarterly index, 2015=100",Hungary,2024-Q3,309.83,,
ESTAT:PRC_HPI_Q(1.0),09/01/26 11:00:00,Quarterly,Total,"Quarterly index, 2015=100",Hungary,2024-Q4,322.11,,
ESTAT:PRC_HPI_Q(1.0),09/01/26 11:00:00,Quarterly,Total,"Quarterly index, 2015=100",Hungary,2025-Q1,352.26,p,
ESTAT:PRC_HPI_Q(1.0),09/01/26 11:00:00,Quarterly,Total,"Quarterly index, 2015=100",Hungary,2025-Q2,363.76,p,
ESTAT:PRC_HPI_Q(1.0),09/01/26 11:00:00,Quarterly,Total,"Quarterly index, 2015=100",Hungary,2025-Q3,375.19,p,
ESTAT:PRC_HPI_Q(1.0),09/01/26 11:00:00,Quarterly,Total,"Quarterly index, 2015=100",Ireland,2019-Q4,135.32,,
ESTAT:PRC_HPI_Q(1.0),09/01/26 11:00:00,Quarterly,Total,"Quarterly index, 2015=100",Ireland,2020-Q1,134.30,,
ESTAT:PRC_HPI_Q(1.0),09/01/26 11:00:00,Quarterly,Total,"Quarterly index, 2015=100",Ireland,2020-Q2,134.15,,
ESTAT:PRC_HPI_Q(1.0),09/01/26 11:00:00,Quarterly,Total,"Quarterly index, 2015=100",Ireland,2020-Q3,134.55,,
ESTAT:PRC_HPI_Q(1.0),09/01/26 11:00:00,Quarterly,Total,"Quarterly index, 2015=100",Ireland,2020-Q4,136.28,,
ESTAT:PRC_HPI_Q(1.0),09/01/26 11:00:00,Quarterly,Total,"Quarterly index, 2015=100",Ireland,2021-Q1,138.34,,
ESTAT:PRC_HPI_Q(1.0),09/01/26 11:00:00,Quarterly,Total,"Quarterly index, 2015=100",Ireland,2021-Q2,141.65,,
ESTAT:PRC_HPI_Q(1.0),09/01/26 11:00:00,Quarterly,Total,"Quarterly index, 2015=100",Ireland,2021-Q3,148.81,,
ESTAT:PRC_HPI_Q(1.0),09/01/26 11:00:00,Quarterly,Total,"Quarterly index, 2015=100",Ireland,2021-Q4,155.10,,
ESTAT:PRC_HPI_Q(1.0),09/01/26 11:00:00,Quarterly,Total,"Quarterly index, 2015=100",Ireland,2022-Q1,159.07,,
ESTAT:PRC_HPI_Q(1.0),09/01/26 11:00:00,Quarterly,Total,"Quarterly index, 2015=100",Ireland,2022-Q2,161.89,,
ESTAT:PRC_HPI_Q(1.0),09/01/26 11:00:00,Quarterly,Total,"Quarterly index, 2015=100",Ireland,2022-Q3,166.47,,
ESTAT:PRC_HPI_Q(1.0),09/01/26 11:00:00,Quarterly,Total,"Quarterly index, 2015=100",Ireland,2022-Q4,168.41,,
ESTAT:PRC_HPI_Q(1.0),09/01/26 11:00:00,Quarterly,Total,"Quarterly index, 2015=100",Ireland,2023-Q1,167.16,,
ESTAT:PRC_HPI_Q(1.0),09/01/26 11:00:00,Quarterly,Total,"Quarterly index, 2015=100",Ireland,2023-Q2,166.30,,
ESTAT:PRC_HPI_Q(1.0),09/01/26 11:00:00,Quarterly,Total,"Quarterly index, 2015=100",Ireland,2023-Q3,168.79,,
ESTAT:PRC_HPI_Q(1.0),09/01/26 11:00:00,Quarterly,Total,"Quarterly index, 2015=100",Ireland,2023-Q4,173.69,,
ESTAT:PRC_HPI_Q(1.0),09/01/26 11:00:00,Quarterly,Total,"Quarterly index, 2015=100",Ireland,2024-Q1,177.70,,
ESTAT:PRC_HPI_Q(1.0),09/01/26 11:00:00,Quarterly,Total,"Quarterly index, 2015=100",Ireland,2024-Q2,180.34,,
ESTAT:PRC_HPI_Q(1.0),09/01/26 11:00:00,Quarterly,Total,"Quarterly index, 2015=100",Ireland,2024-Q3,185.50,,
ESTAT:PRC_HPI_Q(1.0),09/01/26 11:00:00,Quarterly,Total,"Quarterly index, 2015=100",Ireland,2024-Q4,189.97,,
ESTAT:PRC_HPI_Q(1.0),09/01/26 11:00:00,Quarterly,Total,"Quarterly index, 2015=100",Ireland,2025-Q1,191.83,,
ESTAT:PRC_HPI_Q(1.0),09/01/26 11:00:00,Quarterly,Total,"Quarterly index, 2015=100",Ireland,2025-Q2,194.34,,
ESTAT:PRC_HPI_Q(1.0),09/01/26 11:00:00,Quarterly,Total,"Quarterly index, 2015=100",Ireland,2025-Q3,199.46,p,
ESTAT:PRC_HPI_Q(1.0),09/01/26 11:00:00,Quarterly,Total,"Quarterly index, 2015=100",Italy,2019-Q4,98.50,,
ESTAT:PRC_HPI_Q(1.0),09/01/26 11:00:00,Quarterly,Total,"Quarterly index, 2015=100",Italy,2020-Q1,99.40,,
ESTAT:PRC_HPI_Q(1.0),09/01/26 11:00:00,Quarterly,Total,"Quarterly index, 2015=100",Italy,2020-Q2,102.40,,
ESTAT:PRC_HPI_Q(1.0),09/01/26 11:00:00,Quarterly,Total,"Quarterly index, 2015=100",Italy,2020-Q3,99.80,,
ESTAT:PRC_HPI_Q(1.0),09/01/26 11:00:00,Quarterly,Total,"Quarterly index, 2015=100",Italy,2020-Q4,100.00,,
ESTAT:PRC_HPI_Q(1.0),09/01/26 11:00:00,Quarterly,Total,"Quarterly index, 2015=100",Italy,2021-Q1,101.10,,
ESTAT:PRC_HPI_Q(1.0),09/01/26 11:00:00,Quarterly,Total,"Quarterly index, 2015=100",Italy,2021-Q2,102.80,,
ESTAT:PRC_HPI_Q(1.0),09/01/26 11:00:00,Quarterly,Total,"Quarterly index, 2015=100",Italy,2021-Q3,103.90,,
ESTAT:PRC_HPI_Q(1.0),09/01/26 11:00:00,Quarterly,Total,"Quarterly index, 2015=100",Italy,2021-Q4,104.00,,
ESTAT:PRC_HPI_Q(1.0),09/01/26 11:00:00,Quarterly,Total,"Quarterly index, 2015=100",Italy,2022-Q1,105.70,,
ESTAT:PRC_HPI_Q(1.0),09/01/26 11:00:00,Quarterly,Total,"Quarterly index, 2015=100",Italy,2022-Q2,108.10,,
ESTAT:PRC_HPI_Q(1.0),09/01/26 11:00:00,Quarterly,Total,"Quarterly index, 2015=100",Italy,2022-Q3,106.90,,
ESTAT:PRC_HPI_Q(1.0),09/01/26 11:00:00,Quarterly,Total,"Quarterly index, 2015=100",Italy,2022-Q4,106.80,,
ESTAT:PRC_HPI_Q(1.0),09/01/26 11:00:00,Quarterly,Total,"Quarterly index, 2015=100",Italy,2023-Q1,106.80,,
ESTAT:PRC_HPI_Q(1.0),09/01/26 11:00:00,Quarterly,Total,"Quarterly index, 2015=100",Italy,2023-Q2,108.80,,
ESTAT:PRC_HPI_Q(1.0),09/01/26 11:00:00,Quarterly,Total,"Quarterly index, 2015=100",Italy,2023-Q3,108.70,,
ESTAT:PRC_HPI_Q(1.0),09/01/26 11:00:00,Quarterly,Total,"Quarterly index, 2015=100",Italy,2023-Q4,108.70,,
ESTAT:PRC_HPI_Q(1.0),09/01/26 11:00:00,Quarterly,Total,"Quarterly index, 2015=100",Italy,2024-Q1,108.50,,
ESTAT:PRC_HPI_Q(1.0),09/01/26 11:00:00,Quarterly,Total,"Quarterly index, 2015=100",Italy,2024-Q2,112.00,,
ESTAT:PRC_HPI_Q(1.0),09/01/26 11:00:00,Quarterly,Total,"Quarterly index, 2015=100",Italy,2024-Q3,112.80,,
ESTAT:PRC_HPI_Q(1.0),09/01/26 11:00:00,Quarterly,Total,"Quarterly index, 2015=100",Italy,2024-Q4,113.50,,
ESTAT:PRC_HPI_Q(1.0),09/01/26 11:00:00,Quarterly,Total,"Quarterly index, 2015=100",Italy,2025-Q1,113.30,,
ESTAT:PRC_HPI_Q(1.0),09/01/26 11:00:00,Quarterly,Total,"Quarterly index, 2015=100",Italy,2025-Q2,116.40,,
ESTAT:PRC_HPI_Q(1.0),09/01/26 11:00:00,Quarterly,Total,"Quarterly index, 2015=100",Italy,2025-Q3,117.10,p,
ESTAT:PRC_HPI_Q(1.0),09/01/26 11:00:00,Quarterly,Total,"Quarterly index, 2015=100",Lithuania,2019-Q4,133.77,,
ESTAT:PRC_HPI_Q(1.0),09/01/26 11:00:00,Quarterly,Total,"Quarterly index, 2015=100",Lithuania,2020-Q1,137.26,,
ESTAT:PRC_HPI_Q(1.0),09/01/26 11:00:00,Quarterly,Total,"Quarterly index, 2015=100",Lithuania,2020-Q2,140.25,,
ESTAT:PRC_HPI_Q(1.0),09/01/26 11:00:00,Quarterly,Total,"Quarterly index, 2015=100",Lithuania,2020-Q3,140.85,,
ESTAT:PRC_HPI_Q(1.0),09/01/26 11:00:00,Quarterly,Total,"Quarterly index, 2015=100",Lithuania,2020-Q4,146.35,,
ESTAT:PRC_HPI_Q(1.0),09/01/26 11:00:00,Quarterly,Total,"Quarterly index, 2015=100",Lithuania,2021-Q1,153.69,,
ESTAT:PRC_HPI_Q(1.0),09/01/26 11:00:00,Quarterly,Total,"Quarterly index, 2015=100",Lithuania,2021-Q2,158.87,,
ESTAT:PRC_HPI_Q(1.0),09/01/26 11:00:00,Quarterly,Total,"Quarterly index, 2015=100",Lithuania,2021-Q3,167.44,,
ESTAT:PRC_HPI_Q(1.0),09/01/26 11:00:00,Quarterly,Total,"Quarterly index, 2015=100",Lithuania,2021-Q4,175.36,,
ESTAT:PRC_HPI_Q(1.0),09/01/26 11:00:00,Quarterly,Total,"Quarterly index, 2015=100",Lithuania,2022-Q1,183.12,,
ESTAT:PRC_HPI_Q(1.0),09/01/26 11:00:00,Quarterly,Total,"Quarterly index, 2015=100",Lithuania,2022-Q2,193.91,,
ESTAT:PRC_HPI_Q(1.0),09/01/26 11:00:00,Quarterly,Total,"Quarterly index, 2015=100",Lithuania,2022-Q3,199.70,,
ESTAT:PRC_HPI_Q(1.0),09/01/26 11:00:00,Quarterly,Total,"Quarterly index, 2015=100",Lithuania,2022-Q4,203.46,,
ESTAT:PRC_HPI_Q(1.0),09/01/26 11:00:00,Quarterly,Total,"Quarterly index, 2015=100",Lithuania,2023-Q1,207.18,,
ESTAT:PRC_HPI_Q(1.0),09/01/26 11:00:00,Quarterly,Total,"Quarterly index, 2015=100",Lithuania,2023-Q2,212.05,,
ESTAT:PRC_HPI_Q(1.0),09/01/26 11:00:00,Quarterly,Total,"Quarterly index, 2015=100",Lithuania,2023-Q3,217.15,,
ESTAT:PRC_HPI_Q(1.0),09/01/26 11:00:00,Quarterly,Total,"Quarterly index, 2015=100",Lithuania,2023-Q4,220.40,,
ESTAT:PRC_HPI_Q(1.0),09/01/26 11:00:00,Quarterly,Total,"Quarterly index, 2015=100",Lithuania,2024-Q1,227.70,,
ESTAT:PRC_HPI_Q(1.0),09/01/26 11:00:00,Quarterly,Total,"Quarterly index, 2015=100",Lithuania,2024-Q2,234.01,,
ESTAT:PRC_HPI_Q(1.0),09/01/26 11:00:00,Quarterly,Total,"Quarterly index, 2015=100",Lithuania,2024-Q3,236.40,,
ESTAT:PRC_HPI_Q(1.0),09/01/26 11:00:00,Quarterly,Total,"Quarterly index, 2015=100",Lithuania,2024-Q4,241.98,,
ESTAT:PRC_HPI_Q(1.0),09/01/26 11:00:00,Quarterly,Total,"Quarterly index, 2015=100",Lithuania,2025-Q1,247.69,,
ESTAT:PRC_HPI_Q(1.0),09/01/26 11:00:00,Quarterly,Total,"Quarterly index, 2015=100",Lithuania,2025-Q2,254.53,,
ESTAT:PRC_HPI_Q(1.0),09/01/26 11:00:00,Quarterly,Total,"Quarterly index, 2015=100",Lithuania,2025-Q3,262.01,,
ESTAT:PRC_HPI_Q(1.0),09/01/26 11:00:00,Quarterly,Total,"Quarterly index, 2015=100",Luxembourg,2019-Q4,137.19,,
ESTAT:PRC_HPI_Q(1.0),09/01/26 11:00:00,Quarterly,Total,"Quarterly index, 2015=100",Luxembourg,2020-Q1,142.67,,
ESTAT:PRC_HPI_Q(1.0),09/01/26 11:00:00,Quarterly,Total,"Quarterly index, 2015=100",Luxembourg,2020-Q2,148.74,,
ESTAT:PRC_HPI_Q(1.0),09/01/26 11:00:00,Quarterly,Total,"Quarterly index, 2015=100",Luxembourg,2020-Q3,152.97,,
ESTAT:PRC_HPI_Q(1.0),09/01/26 11:00:00,Quarterly,Total,"Quarterly index, 2015=100",Luxembourg,2020-Q4,160.08,,
ESTAT:PRC_HPI_Q(1.0),09/01/26 11:00:00,Quarterly,Total,"Quarterly index, 2015=100",Luxembourg,2021-Q1,167.17,,
ESTAT:PRC_HPI_Q(1.0),09/01/26 11:00:00,Quarterly,Total,"Quarterly index, 2015=100",Luxembourg,2021-Q2,168.74,,
ESTAT:PRC_HPI_Q(1.0),09/01/26 11:00:00,Quarterly,Total,"Quarterly index, 2015=100",Luxembourg,2021-Q3,173.22,,
ESTAT:PRC_HPI_Q(1.0),09/01/26 11:00:00,Quarterly,Total,"Quarterly index, 2015=100",Luxembourg,2021-Q4,179.48,,
ESTAT:PRC_HPI_Q(1.0),09/01/26 11:00:00,Quarterly,Total,"Quarterly index, 2015=100",Luxembourg,2022-Q1,184.34,,
ESTAT:PRC_HPI_Q(1.0),09/01/26 11:00:00,Quarterly,Total,"Quarterly index, 2015=100",Luxembourg,2022-Q2,188.40,,
ESTAT:PRC_HPI_Q(1.0),09/01/26 11:00:00,Quarterly,Total,"Quarterly index, 2015=100",Luxembourg,2022-Q3,192.30,,
ESTAT:PRC_HPI_Q(1.0),09/01/26 11:00:00,Quarterly,Total,"Quarterly index, 2015=100",Luxembourg,2022-Q4,189.35,,
ESTAT:PRC_HPI_Q(1.0),09/01/26 11:00:00,Quarterly,Total,"Quarterly index, 2015=100",Luxembourg,2023-Q1,181.20,,
ESTAT:PRC_HPI_Q(1.0),09/01/26 11:00:00,Quarterly,Total,"Quarterly index, 2015=100",Luxembourg,2023-Q2,177.25,,
ESTAT:PRC_HPI_Q(1.0),09/01/26 11:00:00,Quarterly,Total,"Quarterly index, 2015=100",Luxembourg,2023-Q3,165.52,,
ESTAT:PRC_HPI_Q(1.0),09/01/26 11:00:00,Quarterly,Total,"Quarterly index, 2015=100",Luxembourg,2023-Q4,161.96,,
ESTAT:PRC_HPI_Q(1.0),09/01/26 11:00:00,Quarterly,Total,"Quarterly index, 2015=100",Luxembourg,2024-Q1,160.90,,
ESTAT:PRC_HPI_Q(1.0),09/01/26 11:00:00,Quarterly,Total,"Quarterly index, 2015=100",Luxembourg,2024-Q2,162.41,,
ESTAT:PRC_HPI_Q(1.0),09/01/26 11:00:00,Quarterly,Total,"Quarterly index, 2015=100",Luxembourg,2024-Q3,162.44,,
ESTAT:PRC_HPI_Q(1.0),09/01/26 11:00:00,Quarterly,Total,"Quarterly index, 2015=100",Luxembourg,2024-Q4,164.25,,
ESTAT:PRC_HPI_Q(1.0),09/01/26 11:00:00,Quarterly,Total,"Quarterly index, 2015=100",Luxembourg,2025-Q1,162.54,,
ESTAT:PRC_HPI_Q(1.0),09/01/26 11:00:00,Quarterly,Total,"Quarterly index, 2015=100",Luxembourg,2025-Q2,169.75,,
ESTAT:PRC_HPI_Q(1.0),09/01/26 11:00:00,Quarterly,Total,"Quarterly index, 2015=100",Luxembourg,2025-Q3,164.42,p,
ESTAT:PRC_HPI_Q(1.0),09/01/26 11:00:00,Quarterly,Total,"Quarterly index, 2015=100",Latvia,2019-Q4,144.69,,
ESTAT:PRC_HPI_Q(1.0),09/01/26 11:00:00,Quarterly,Total,"Quarterly index, 2015=100",Latvia,2020-Q1,145.77,,
ESTAT:PRC_HPI_Q(1.0),09/01/26 11:00:00,Quarterly,Total,"Quarterly index, 2015=100",Latvia,2020-Q2,142.30,,
ESTAT:PRC_HPI_Q(1.0),09/01/26 11:00:00,Quarterly,Total,"Quarterly index, 2015=100",Latvia,2020-Q3,147.08,,
ESTAT:PRC_HPI_Q(1.0),09/01/26 11:00:00,Quarterly,Total,"Quarterly index, 2015=100",Latvia,2020-Q4,147.92,,
ESTAT:PRC_HPI_Q(1.0),09/01/26 11:00:00,Quarterly,Total,"Quarterly index, 2015=100",Latvia,2021-Q1,149.97,,
ESTAT:PRC_HPI_Q(1.0),09/01/26 11:00:00,Quarterly,Total,"Quarterly index, 2015=100",Latvia,2021-Q2,159.51,,
ESTAT:PRC_HPI_Q(1.0),09/01/26 11:00:00,Quarterly,Total,"Quarterly index, 2015=100",Latvia,2021-Q3,165.31,,
ESTAT:PRC_HPI_Q(1.0),09/01/26 11:00:00,Quarterly,Total,"Quarterly index, 2015=100",Latvia,2021-Q4,171.79,,
ESTAT:PRC_HPI_Q(1.0),09/01/26 11:00:00,Quarterly,Total,"Quarterly index, 2015=100",Latvia,2022-Q1,176.06,,
ESTAT:PRC_HPI_Q(1.0),09/01/26 11:00:00,Quarterly,Total,"Quarterly index, 2015=100",Latvia,2022-Q2,185.56,,
ESTAT:PRC_HPI_Q(1.0),09/01/26 11:00:00,Quarterly,Total,"Quarterly index, 2015=100",Latvia,2022-Q3,187.79,,
ESTAT:PRC_HPI_Q(1.0),09/01/26 11:00:00,Quarterly,Total,"Quarterly index, 2015=100",Latvia,2022-Q4,186.61,,
ESTAT:PRC_HPI_Q(1.0),09/01/26 11:00:00,Quarterly,Total,"Quarterly index, 2015=100",Latvia,2023-Q1,186.40,,
ESTAT:PRC_HPI_Q(1.0),09/01/26 11:00:00,Quarterly,Total,"Quarterly index, 2015=100",Latvia,2023-Q2,195.54,,
ESTAT:PRC_HPI_Q(1.0),09/01/26 11:00:00,Quarterly,Total,"Quarterly index, 2015=100",Latvia,2023-Q3,193.46,,
ESTAT:PRC_HPI_Q(1.0),09/01/26 11:00:00,Quarterly,Total,"Quarterly index, 2015=100",Latvia,2023-Q4,188.14,,
ESTAT:PRC_HPI_Q(1.0),09/01/26 11:00:00,Quarterly,Total,"Quarterly index, 2015=100",Latvia,2024-Q1,193.14,,
ESTAT:PRC_HPI_Q(1.0),09/01/26 11:00:00,Quarterly,Total,"Quarterly index, 2015=100",Latvia,2024-Q2,196.94,,
ESTAT:PRC_HPI_Q(1.0),09/01/26 11:00:00,Quarterly,Total,"Quarterly index, 2015=100",Latvia,2024-Q3,203.62,,
ESTAT:PRC_HPI_Q(1.0),09/01/26 11:00:00,Quarterly,Total,"Quarterly index, 2015=100",Latvia,2024-Q4,201.90,,
ESTAT:PRC_HPI_Q(1.0),09/01/26 11:00:00,Quarterly,Total,"Quarterly index, 2015=100",Latvia,2025-Q1,203.64,,
ESTAT:PRC_HPI_Q(1.0),09/01/26 11:00:00,Quarterly,Total,"Quarterly index, 2015=100",Latvia,2025-Q2,209.67,,
ESTAT:PRC_HPI_Q(1.0),09/01/26 11:00:00,Quarterly,Total,"Quarterly index, 2015=100",Latvia,2025-Q3,220.67,p,
ESTAT:PRC_HPI_Q(1.0),09/01/26 11:00:00,Quarterly,Total,"Quarterly index, 2015=100",Malta,2019-Q4,130.86,,
ESTAT:PRC_HPI_Q(1.0),09/01/26 11:00:00,Quarterly,Total,"Quarterly index, 2015=100",Malta,2020-Q1,125.06,,
ESTAT:PRC_HPI_Q(1.0),09/01/26 11:00:00,Quarterly,Total,"Quarterly index, 2015=100",Malta,2020-Q2,127.57,,
ESTAT:PRC_HPI_Q(1.0),09/01/26 11:00:00,Quarterly,Total,"Quarterly index, 2015=100",Malta,2020-Q3,129.81,,
ESTAT:PRC_HPI_Q(1.0),09/01/26 11:00:00,Quarterly,Total,"Quarterly index, 2015=100",Malta,2020-Q4,133.01,,
ESTAT:PRC_HPI_Q(1.0),09/01/26 11:00:00,Quarterly,Total,"Quarterly index, 2015=100",Malta,2021-Q1,130.82,,
ESTAT:PRC_HPI_Q(1.0),09/01/26 11:00:00,Quarterly,Total,"Quarterly index, 2015=100",Malta,2021-Q2,134.42,,
ESTAT:PRC_HPI_Q(1.0),09/01/26 11:00:00,Quarterly,Total,"Quarterly index, 2015=100",Malta,2021-Q3,137.52,,
ESTAT:PRC_HPI_Q(1.0),09/01/26 11:00:00,Quarterly,Total,"Quarterly index, 2015=100",Malta,2021-Q4,138.99,,
ESTAT:PRC_HPI_Q(1.0),09/01/26 11:00:00,Quarterly,Total,"Quarterly index, 2015=100",Malta,2022-Q1,139.69,,
ESTAT:PRC_HPI_Q(1.0),09/01/26 11:00:00,Quarterly,Total,"Quarterly index, 2015=100",Malta,2022-Q2,144.63,,
ESTAT:PRC_HPI_Q(1.0),09/01/26 11:00:00,Quarterly,Total,"Quarterly index, 2015=100",Malta,2022-Q3,146.23,,
ESTAT:PRC_HPI_Q(1.0),09/01/26 11:00:00,Quarterly,Total,"Quarterly index, 2015=100",Malta,2022-Q4,147.24,,
ESTAT:PRC_HPI_Q(1.0),09/01/26 11:00:00,Quarterly,Total,"Quarterly index, 2015=100",Malta,2023-Q1,149.89,,
ESTAT:PRC_HPI_Q(1.0),09/01/26 11:00:00,Quarterly,Total,"Quarterly index, 2015=100",Malta,2023-Q2,152.24,,
ESTAT:PRC_HPI_Q(1.0),09/01/26 11:00:00,Quarterly,Total,"Quarterly index, 2015=100",Malta,2023-Q3,154.51,,
ESTAT:PRC_HPI_Q(1.0),09/01/26 11:00:00,Quarterly,Total,"Quarterly index, 2015=100",Malta,2023-Q4,157.05,,
ESTAT:PRC_HPI_Q(1.0),09/01/26 11:00:00,Quarterly,Total,"Quarterly index, 2015=100",Malta,2024-Q1,159.98,,
ESTAT:PRC_HPI_Q(1.0),09/01/26 11:00:00,Quarterly,Total,"Quarterly index, 2015=100",Malta,2024-Q2,162.74,,
ESTAT:PRC_HPI_Q(1.0),09/01/26 11:00:00,Quarterly,Total,"Quarterly index, 2015=100",Malta,2024-Q3,165.26,,
ESTAT:PRC_HPI_Q(1.0),09/01/26 11:00:00,Quarterly,Total,"Quarterly index, 2015=100",Malta,2024-Q4,166.96,p,
ESTAT:PRC_HPI_Q(1.0),09/01/26 11:00:00,Quarterly,Total,"Quarterly index, 2015=100",Malta,2025-Q1,169.36,p,
ESTAT:PRC_HPI_Q(1.0),09/01/26 11:00:00,Quarterly,Total,"Quarterly index, 2015=100",Malta,2025-Q2,171.84,p,
ESTAT:PRC_HPI_Q(1.0),09/01/26 11:00:00,Quarterly,Total,"Quarterly index, 2015=100",Malta,2025-Q3,174.63,p,
ESTAT:PRC_HPI_Q(1.0),09/01/26 11:00:00,Quarterly,Total,"Quarterly index, 2015=100",Netherlands,2019-Q4,136.54,,
ESTAT:PRC_HPI_Q(1.0),09/01/26 11:00:00,Quarterly,Total,"Quarterly index, 2015=100",Netherlands,2020-Q1,139.30,,
ESTAT:PRC_HPI_Q(1.0),09/01/26 11:00:00,Quarterly,Total,"Quarterly index, 2015=100",Netherlands,2020-Q2,142.60,,
ESTAT:PRC_HPI_Q(1.0),09/01/26 11:00:00,Quarterly,Total,"Quarterly index, 2015=100",Netherlands,2020-Q3,146.00,,
ESTAT:PRC_HPI_Q(1.0),09/01/26 11:00:00,Quarterly,Total,"Quarterly index, 2015=100",Netherlands,2020-Q4,148.37,,
ESTAT:PRC_HPI_Q(1.0),09/01/26 11:00:00,Quarterly,Total,"Quarterly index, 2015=100",Netherlands,2021-Q1,153.72,,
ESTAT:PRC_HPI_Q(1.0),09/01/26 11:00:00,Quarterly,Total,"Quarterly index, 2015=100",Netherlands,2021-Q2,160.55,,
ESTAT:PRC_HPI_Q(1.0),09/01/26 11:00:00,Quarterly,Total,"Quarterly index, 2015=100",Netherlands,2021-Q3,169.59,,
ESTAT:PRC_HPI_Q(1.0),09/01/26 11:00:00,Quarterly,Total,"Quarterly index, 2015=100",Netherlands,2021-Q4,175.90,,
ESTAT:PRC_HPI_Q(1.0),09/01/26 11:00:00,Quarterly,Total,"Quarterly index, 2015=100",Netherlands,2022-Q1,182.94,,
ESTAT:PRC_HPI_Q(1.0),09/01/26 11:00:00,Quarterly,Total,"Quarterly index, 2015=100",Netherlands,2022-Q2,188.58,,
ESTAT:PRC_HPI_Q(1.0),09/01/26 11:00:00,Quarterly,Total,"Quarterly index, 2015=100",Netherlands,2022-Q3,189.95,,
ESTAT:PRC_HPI_Q(1.0),09/01/26 11:00:00,Quarterly,Total,"Quarterly index, 2015=100",Netherlands,2022-Q4,185.89,,
ESTAT:PRC_HPI_Q(1.0),09/01/26 11:00:00,Quarterly,Total,"Quarterly index, 2015=100",Netherlands,2023-Q1,183.14,,
ESTAT:PRC_HPI_Q(1.0),09/01/26 11:00:00,Quarterly,Total,"Quarterly index, 2015=100",Netherlands,2023-Q2,180.92,,
ESTAT:PRC_HPI_Q(1.0),09/01/26 11:00:00,Quarterly,Total,"Quarterly index, 2015=100",Netherlands,2023-Q3,182.91,,
ESTAT:PRC_HPI_Q(1.0),09/01/26 11:00:00,Quarterly,Total,"Quarterly index, 2015=100",Netherlands,2023-Q4,186.07,,
ESTAT:PRC_HPI_Q(1.0),09/01/26 11:00:00,Quarterly,Total,"Quarterly index, 2015=100",Netherlands,2024-Q1,189.87,,
ESTAT:PRC_HPI_Q(1.0),09/01/26 11:00:00,Quarterly,Total,"Quarterly index, 2015=100",Netherlands,2024-Q2,194.81,,
ESTAT:PRC_HPI_Q(1.0),09/01/26 11:00:00,Quarterly,Total,"Quarterly index, 2015=100",Netherlands,2024-Q3,201.98,,
ESTAT:PRC_HPI_Q(1.0),09/01/26 11:00:00,Quarterly,Total,"Quarterly index, 2015=100",Netherlands,2024-Q4,206.31,,
ESTAT:PRC_HPI_Q(1.0),09/01/26 11:00:00,Quarterly,Total,"Quarterly index, 2015=100",Netherlands,2025-Q1,210.27,,
ESTAT:PRC_HPI_Q(1.0),09/01/26 11:00:00,Quarterly,Total,"Quarterly index, 2015=100",Netherlands,2025-Q2,213.35,,
ESTAT:PRC_HPI_Q(1.0),09/01/26 11:00:00,Quarterly,Total,"Quarterly index, 2015=100",Netherlands,2025-Q3,217.61,p,
ESTAT:PRC_HPI_Q(1.0),09/01/26 11:00:00,Quarterly,Total,"Quarterly index, 2015=100",Poland,2019-Q4,127.06,,
ESTAT:PRC_HPI_Q(1.0),09/01/26 11:00:00,Quarterly,Total,"Quarterly index, 2015=100",Poland,2020-Q1,131.66,,
ESTAT:PRC_HPI_Q(1.0),09/01/26 11:00:00,Quarterly,Total,"Quarterly index, 2015=100",Poland,2020-Q2,134.31,,
ESTAT:PRC_HPI_Q(1.0),09/01/26 11:00:00,Quarterly,Total,"Quarterly index, 2015=100",Poland,2020-Q3,137.06,,
ESTAT:PRC_HPI_Q(1.0),09/01/26 11:00:00,Quarterly,Total,"Quarterly index, 2015=100",Poland,2020-Q4,138.42,,
ESTAT:PRC_HPI_Q(1.0),09/01/26 11:00:00,Quarterly,Total,"Quarterly index, 2015=100",Poland,2021-Q1,141.16,,
ESTAT:PRC_HPI_Q(1.0),09/01/26 11:00:00,Quarterly,Total,"Quarterly index, 2015=100",Poland,2021-Q2,145.50,,
ESTAT:PRC_HPI_Q(1.0),09/01/26 11:00:00,Quarterly,Total,"Quarterly index, 2015=100",Poland,2021-Q3,149.28,,
ESTAT:PRC_HPI_Q(1.0),09/01/26 11:00:00,Quarterly,Total,"Quarterly index, 2015=100",Poland,2021-Q4,155.15,,
ESTAT:PRC_HPI_Q(1.0),09/01/26 11:00:00,Quarterly,Total,"Quarterly index, 2015=100",Poland,2022-Q1,160.30,,
ESTAT:PRC_HPI_Q(1.0),09/01/26 11:00:00,Quarterly,Total,"Quarterly index, 2015=100",Poland,2022-Q2,163.50,,
ESTAT:PRC_HPI_Q(1.0),09/01/26 11:00:00,Quarterly,Total,"Quarterly index, 2015=100",Poland,2022-Q3,167.38,,
ESTAT:PRC_HPI_Q(1.0),09/01/26 11:00:00,Quarterly,Total,"Quarterly index, 2015=100",Poland,2022-Q4,169.64,,
ESTAT:PRC_HPI_Q(1.0),09/01/26 11:00:00,Quarterly,Total,"Quarterly index, 2015=100",Poland,2023-Q1,169.52,,
ESTAT:PRC_HPI_Q(1.0),09/01/26 11:00:00,Quarterly,Total,"Quarterly index, 2015=100",Poland,2023-Q2,175.00,,
ESTAT:PRC_HPI_Q(1.0),09/01/26 11:00:00,Quarterly,Total,"Quarterly index, 2015=100",Poland,2023-Q3,182.88,,
ESTAT:PRC_HPI_Q(1.0),09/01/26 11:00:00,Quarterly,Total,"Quarterly index, 2015=100",Poland,2023-Q4,191.72,,
ESTAT:PRC_HPI_Q(1.0),09/01/26 11:00:00,Quarterly,Total,"Quarterly index, 2015=100",Poland,2024-Q1,200.04,,
ESTAT:PRC_HPI_Q(1.0),09/01/26 11:00:00,Quarterly,Total,"Quarterly index, 2015=100",Poland,2024-Q2,205.92,,
ESTAT:PRC_HPI_Q(1.0),09/01/26 11:00:00,Quarterly,Total,"Quarterly index, 2015=100",Poland,2024-Q3,209.20,,
ESTAT:PRC_HPI_Q(1.0),09/01/26 11:00:00,Quarterly,Total,"Quarterly index, 2015=100",Poland,2024-Q4,211.65,,
ESTAT:PRC_HPI_Q(1.0),09/01/26 11:00:00,Quarterly,Total,"Quarterly index, 2015=100",Poland,2025-Q1,213.20,,
ESTAT:PRC_HPI_Q(1.0),09/01/26 11:00:00,Quarterly,Total,"Quarterly index, 2015=100",Poland,2025-Q2,215.66,,
ESTAT:PRC_HPI_Q(1.0),09/01/26 11:00:00,Quarterly,Total,"Quarterly index, 2015=100",Poland,2025-Q3,217.54,,
ESTAT:PRC_HPI_Q(1.0),09/01/26 11:00:00,Quarterly,Total,"Quarterly index, 2015=100",Portugal,2019-Q4,146.07,,
ESTAT:PRC_HPI_Q(1.0),09/01/26 11:00:00,Quarterly,Total,"Quarterly index, 2015=100",Portugal,2020-Q1,151.67,,
ESTAT:PRC_HPI_Q(1.0),09/01/26 11:00:00,Quarterly,Total,"Quarterly index, 2015=100",Portugal,2020-Q2,154.34,,
ESTAT:PRC_HPI_Q(1.0),09/01/26 11:00:00,Quarterly,Total,"Quarterly index, 2015=100",Portugal,2020-Q3,153.61,,
ESTAT:PRC_HPI_Q(1.0),09/01/26 11:00:00,Quarterly,Total,"Quarterly index, 2015=100",Portugal,2020-Q4,157.69,,
ESTAT:PRC_HPI_Q(1.0),09/01/26 11:00:00,Quarterly,Total,"Quarterly index, 2015=100",Portugal,2021-Q1,161.70,,
ESTAT:PRC_HPI_Q(1.0),09/01/26 11:00:00,Quarterly,Total,"Quarterly index, 2015=100",Portugal,2021-Q2,166.40,,
ESTAT:PRC_HPI_Q(1.0),09/01/26 11:00:00,Quarterly,Total,"Quarterly index, 2015=100",Portugal,2021-Q3,171.30,,
ESTAT:PRC_HPI_Q(1.0),09/01/26 11:00:00,Quarterly,Total,"Quarterly index, 2015=100",Portugal,2021-Q4,175.96,,
ESTAT:PRC_HPI_Q(1.0),09/01/26 11:00:00,Quarterly,Total,"Quarterly index, 2015=100",Portugal,2022-Q1,182.64,,
ESTAT:PRC_HPI_Q(1.0),09/01/26 11:00:00,Quarterly,Total,"Quarterly index, 2015=100",Portugal,2022-Q2,188.31,,
ESTAT:PRC_HPI_Q(1.0),09/01/26 11:00:00,Quarterly,Total,"Quarterly index, 2015=100",Portugal,2022-Q3,193.82,,
ESTAT:PRC_HPI_Q(1.0),09/01/26 11:00:00,Quarterly,Total,"Quarterly index, 2015=100",Portugal,2022-Q4,195.91,,
ESTAT:PRC_HPI_Q(1.0),09/01/26 11:00:00,Quarterly,Total,"Quarterly index, 2015=100",Portugal,2023-Q1,198.55,,
ESTAT:PRC_HPI_Q(1.0),09/01/26 11:00:00,Quarterly,Total,"Quarterly index, 2015=100",Portugal,2023-Q2,204.74,,
ESTAT:PRC_HPI_Q(1.0),09/01/26 11:00:00,Quarterly,Total,"Quarterly index, 2015=100",Portugal,2023-Q3,208.48,,
ESTAT:PRC_HPI_Q(1.0),09/01/26 11:00:00,Quarterly,Total,"Quarterly index, 2015=100",Portugal,2023-Q4,211.27,,
ESTAT:PRC_HPI_Q(1.0),09/01/26 11:00:00,Quarterly,Total,"Quarterly index, 2015=100",Portugal,2024-Q1,212.45,,
ESTAT:PRC_HPI_Q(1.0),09/01/26 11:00:00,Quarterly,Total,"Quarterly index, 2015=100",Portugal,2024-Q2,220.74,,
ESTAT:PRC_HPI_Q(1.0),09/01/26 11:00:00,Quarterly,Total,"Quarterly index, 2015=100",Portugal,2024-Q3,228.89,,
ESTAT:PRC_HPI_Q(1.0),09/01/26 11:00:00,Quarterly,Total,"Quarterly index, 2015=100",Portugal,2024-Q4,235.68,,
ESTAT:PRC_HPI_Q(1.0),09/01/26 11:00:00,Quarterly,Total,"Quarterly index, 2015=100",Portugal,2025-Q1,247.05,,
ESTAT:PRC_HPI_Q(1.0),09/01/26 11:00:00,Quarterly,Total,"Quarterly index, 2015=100",Portugal,2025-Q2,258.78,,
ESTAT:PRC_HPI_Q(1.0),09/01/26 11:00:00,Quarterly,Total,"Quarterly index, 2015=100",Portugal,2025-Q3,269.35,,
ESTAT:PRC_HPI_Q(1.0),09/01/26 11:00:00,Quarterly,Total,"Quarterly index, 2015=100",Romania,2019-Q4,125.49,,
ESTAT:PRC_HPI_Q(1.0),09/01/26 11:00:00,Quarterly,Total,"Quarterly index, 2015=100",Romania,2020-Q1,129.62,,
ESTAT:PRC_HPI_Q(1.0),09/01/26 11:00:00,Quarterly,Total,"Quarterly index, 2015=100",Romania,2020-Q2,129.77,,
ESTAT:PRC_HPI_Q(1.0),09/01/26 11:00:00,Quarterly,Total,"Quarterly index, 2015=100",Romania,2020-Q3,126.38,,
ESTAT:PRC_HPI_Q(1.0),09/01/26 11:00:00,Quarterly,Total,"Quarterly index, 2015=100",Romania,2020-Q4,127.97,,
ESTAT:PRC_HPI_Q(1.0),09/01/26 11:00:00,Quarterly,Total,"Quarterly index, 2015=100",Romania,2021-Q1,131.45,,
ESTAT:PRC_HPI_Q(1.0),09/01/26 11:00:00,Quarterly,Total,"Quarterly index, 2015=100",Romania,2021-Q2,133.61,,
ESTAT:PRC_HPI_Q(1.0),09/01/26 11:00:00,Quarterly,Total,"Quarterly index, 2015=100",Romania,2021-Q3,133.78,,
ESTAT:PRC_HPI_Q(1.0),09/01/26 11:00:00,Quarterly,Total,"Quarterly index, 2015=100",Romania,2021-Q4,137.51,,
ESTAT:PRC_HPI_Q(1.0),09/01/26 11:00:00,Quarterly,Total,"Quarterly index, 2015=100",Romania,2022-Q1,139.82,,
ESTAT:PRC_HPI_Q(1.0),09/01/26 11:00:00,Quarterly,Total,"Quarterly index, 2015=100",Romania,2022-Q2,144.94,,
ESTAT:PRC_HPI_Q(1.0),09/01/26 11:00:00,Quarterly,Total,"Quarterly index, 2015=100",Romania,2022-Q3,143.20,,
ESTAT:PRC_HPI_Q(1.0),09/01/26 11:00:00,Quarterly,Total,"Quarterly index, 2015=100",Romania,2022-Q4,146.83,,
ESTAT:PRC_HPI_Q(1.0),09/01/26 11:00:00,Quarterly,Total,"Quarterly index, 2015=100",Romania,2023-Q1,146.28,,
ESTAT:PRC_HPI_Q(1.0),09/01/26 11:00:00,Quarterly,Total,"Quarterly index, 2015=100",Romania,2023-Q2,145.14,,
ESTAT:PRC_HPI_Q(1.0),09/01/26 11:00:00,Quarterly,Total,"Quarterly index, 2015=100",Romania,2023-Q3,150.02,,
ESTAT:PRC_HPI_Q(1.0),09/01/26 11:00:00,Quarterly,Total,"Quarterly index, 2015=100",Romania,2023-Q4,152.28,,
ESTAT:PRC_HPI_Q(1.0),09/01/26 11:00:00,Quarterly,Total,"Quarterly index, 2015=100",Romania,2024-Q1,154.26,,
ESTAT:PRC_HPI_Q(1.0),09/01/26 11:00:00,Quarterly,Total,"Quarterly index, 2015=100",Romania,2024-Q2,155.06,,
ESTAT:PRC_HPI_Q(1.0),09/01/26 11:00:00,Quarterly,Total,"Quarterly index, 2015=100",Romania,2024-Q3,155.86,,
ESTAT:PRC_HPI_Q(1.0),09/01/26 11:00:00,Quarterly,Total,"Quarterly index, 2015=100",Romania,2024-Q4,158.36,,
ESTAT:PRC_HPI_Q(1.0),09/01/26 11:00:00,Quarterly,Total,"Quarterly index, 2015=100",Romania,2025-Q1,161.75,,
ESTAT:PRC_HPI_Q(1.0),09/01/26 11:00:00,Quarterly,Total,"Quarterly index, 2015=100",Romania,2025-Q2,162.38,,
ESTAT:PRC_HPI_Q(1.0),09/01/26 11:00:00,Quarterly,Total,"Quarterly index, 2015=100",Romania,2025-Q3,166.14,,
ESTAT:PRC_HPI_Q(1.0),09/01/26 11:00:00,Quarterly,Total,"Quarterly index, 2015=100",Sweden,2019-Q4,118.73,,
ESTAT:PRC_HPI_Q(1.0),09/01/26 11:00:00,Quarterly,Total,"Quarterly index, 2015=100",Sweden,2020-Q1,120.20,,
ESTAT:PRC_HPI_Q(1.0),09/01/26 11:00:00,Quarterly,Total,"Quarterly index, 2015=100",Sweden,2020-Q2,120.30,,
ESTAT:PRC_HPI_Q(1.0),09/01/26 11:00:00,Quarterly,Total,"Quarterly index, 2015=100",Sweden,2020-Q3,122.95,,
ESTAT:PRC_HPI_Q(1.0),09/01/26 11:00:00,Quarterly,Total,"Quarterly index, 2015=100",Sweden,2020-Q4,124.99,,
ESTAT:PRC_HPI_Q(1.0),09/01/26 11:00:00,Quarterly,Total,"Quarterly index, 2015=100",Sweden,2021-Q1,128.90,,
ESTAT:PRC_HPI_Q(1.0),09/01/26 11:00:00,Quarterly,Total,"Quarterly index, 2015=100",Sweden,2021-Q2,133.44,,
ESTAT:PRC_HPI_Q(1.0),09/01/26 11:00:00,Quarterly,Total,"Quarterly index, 2015=100",Sweden,2021-Q3,136.89,,
ESTAT:PRC_HPI_Q(1.0),09/01/26 11:00:00,Quarterly,Total,"Quarterly index, 2015=100",Sweden,2021-Q4,138.62,,
ESTAT:PRC_HPI_Q(1.0),09/01/26 11:00:00,Quarterly,Total,"Quarterly index, 2015=100",Sweden,2022-Q1,142.19,,
ESTAT:PRC_HPI_Q(1.0),09/01/26 11:00:00,Quarterly,Total,"Quarterly index, 2015=100",Sweden,2022-Q2,142.86,,
ESTAT:PRC_HPI_Q(1.0),09/01/26 11:00:00,Quarterly,Total,"Quarterly index, 2015=100",Sweden,2022-Q3,138.46,,
ESTAT:PRC_HPI_Q(1.0),09/01/26 11:00:00,Quarterly,Total,"Quarterly index, 2015=100",Sweden,2022-Q4,133.49,,
ESTAT:PRC_HPI_Q(1.0),09/01/26 11:00:00,Quarterly,Total,"Quarterly index, 2015=100",Sweden,2023-Q1,132.37,,
ESTAT:PRC_HPI_Q(1.0),09/01/26 11:00:00,Quarterly,Total,"Quarterly index, 2015=100",Sweden,2023-Q2,133.15,,
ESTAT:PRC_HPI_Q(1.0),09/01/26 11:00:00,Quarterly,Total,"Quarterly index, 2015=100",Sweden,2023-Q3,132.61,,
ESTAT:PRC_HPI_Q(1.0),09/01/26 11:00:00,Quarterly,Total,"Quarterly index, 2015=100",Sweden,2023-Q4,129.59,,
ESTAT:PRC_HPI_Q(1.0),09/01/26 11:00:00,Quarterly,Total,"Quarterly index, 2015=100",Sweden,2024-Q1,130.30,,
ESTAT:PRC_HPI_Q(1.0),09/01/26 11:00:00,Quarterly,Total,"Quarterly index, 2015=100",Sweden,2024-Q2,132.13,,
ESTAT:PRC_HPI_Q(1.0),09/01/26 11:00:00,Quarterly,Total,"Quarterly index, 2015=100",Sweden,2024-Q3,133.00,,
ESTAT:PRC_HPI_Q(1.0),09/01/26 11:00:00,Quarterly,Total,"Quarterly index, 2015=100",Sweden,2024-Q4,132.64,,
ESTAT:PRC_HPI_Q(1.0),09/01/26 11:00:00,Quarterly,Total,"Quarterly index, 2015=100",Sweden,2025-Q1,132.73,,
ESTAT:PRC_HPI_Q(1.0),09/01/26 11:00:00,Quarterly,Total,"Quarterly index, 2015=100",Sweden,2025-Q2,133.01,,
ESTAT:PRC_HPI_Q(1.0),09/01/26 11:00:00,Quarterly,Total,"Quarterly index, 2015=100",Sweden,2025-Q3,133.67,,
ESTAT:PRC_HPI_Q(1.0),09/01/26 11:00:00,Quarterly,Total,"Quarterly index, 2015=100",Slovenia,2019-Q4,131.62,,
ESTAT:PRC_HPI_Q(1.0),09/01/26 11:00:00,Quarterly,Total,"Quarterly index, 2015=100",Slovenia,2020-Q1,132.99,,
ESTAT:PRC_HPI_Q(1.0),09/01/26 11:00:00,Quarterly,Total,"Quarterly index, 2015=100",Slovenia,2020-Q2,135.56,,
ESTAT:PRC_HPI_Q(1.0),09/01/26 11:00:00,Quarterly,Total,"Quarterly index, 2015=100",Slovenia,2020-Q3,135.65,,
ESTAT:PRC_HPI_Q(1.0),09/01/26 11:00:00,Quarterly,Total,"Quarterly index, 2015=100",Slovenia,2020-Q4,138.43,,
ESTAT:PRC_HPI_Q(1.0),09/01/26 11:00:00,Quarterly,Total,"Quarterly index, 2015=100",Slovenia,2021-Q1,142.65,,
ESTAT:PRC_HPI_Q(1.0),09/01/26 11:00:00,Quarterly,Total,"Quarterly index, 2015=100",Slovenia,2021-Q2,149.21,,
ESTAT:PRC_HPI_Q(1.0),09/01/26 11:00:00,Quarterly,Total,"Quarterly index, 2015=100",Slovenia,2021-Q3,153.15,,
ESTAT:PRC_HPI_Q(1.0),09/01/26 11:00:00,Quarterly,Total,"Quarterly index, 2015=100",Slovenia,2021-Q4,160.26,,
ESTAT:PRC_HPI_Q(1.0),09/01/26 11:00:00,Quarterly,Total,"Quarterly index, 2015=100",Slovenia,2022-Q1,166.93,,
ESTAT:PRC_HPI_Q(1.0),09/01/26 11:00:00,Quarterly,Total,"Quarterly index, 2015=100",Slovenia,2022-Q2,172.43,,
ESTAT:PRC_HPI_Q(1.0),09/01/26 11:00:00,Quarterly,Total,"Quarterly index, 2015=100",Slovenia,2022-Q3,176.40,,
ESTAT:PRC_HPI_Q(1.0),09/01/26 11:00:00,Quarterly,Total,"Quarterly index, 2015=100",Slovenia,2022-Q4,178.83,,
ESTAT:PRC_HPI_Q(1.0),09/01/26 11:00:00,Quarterly,Total,"Quarterly index, 2015=100",Slovenia,2023-Q1,181.96,,
ESTAT:PRC_HPI_Q(1.0),09/01/26 11:00:00,Quarterly,Total,"Quarterly index, 2015=100",Slovenia,2023-Q2,185.39,,
ESTAT:PRC_HPI_Q(1.0),09/01/26 11:00:00,Quarterly,Total,"Quarterly index, 2015=100",Slovenia,2023-Q3,186.33,,
ESTAT:PRC_HPI_Q(1.0),09/01/26 11:00:00,Quarterly,Total,"Quarterly index, 2015=100",Slovenia,2023-Q4,191.19,,
ESTAT:PRC_HPI_Q(1.0),09/01/26 11:00:00,Quarterly,Total,"Quarterly index, 2015=100",Slovenia,2024-Q1,195.44,,
ESTAT:PRC_HPI_Q(1.0),09/01/26 11:00:00,Quarterly,Total,"Quarterly index, 2015=100",Slovenia,2024-Q2,198.33,,
ESTAT:PRC_HPI_Q(1.0),09/01/26 11:00:00,Quarterly,Total,"Quarterly index, 2015=100",Slovenia,2024-Q3,201.54,,
ESTAT:PRC_HPI_Q(1.0),09/01/26 11:00:00,Quarterly,Total,"Quarterly index, 2015=100",Slovenia,2024-Q4,205.71,,
ESTAT:PRC_HPI_Q(1.0),09/01/26 11:00:00,Quarterly,Total,"Quarterly index, 2015=100",Slovenia,2025-Q1,201.66,p,
ESTAT:PRC_HPI_Q(1.0),09/01/26 11:00:00,Quarterly,Total,"Quarterly index, 2015=100",Slovenia,2025-Q2,209.31,p,
ESTAT:PRC_HPI_Q(1.0),09/01/26 11:00:00,Quarterly,Total,"Quarterly index, 2015=100",Slovenia,2025-Q3,207.03,p,
ESTAT:PRC_HPI_Q(1.0),09/01/26 11:00:00,Quarterly,Total,"Quarterly index, 2015=100",Slovakia,2019-Q4,137.58,,
ESTAT:PRC_HPI_Q(1.0),09/01/26 11:00:00,Quarterly,Total,"Quarterly index, 2015=100",Slovakia,2020-Q1,142.98,,
ESTAT:PRC_HPI_Q(1.0),09/01/26 11:00:00,Quarterly,Total,"Quarterly index, 2015=100",Slovakia,2020-Q2,143.75,,
ESTAT:PRC_HPI_Q(1.0),09/01/26 11:00:00,Quarterly,Total,"Quarterly index, 2015=100",Slovakia,2020-Q3,145.89,,
ESTAT:PRC_HPI_Q(1.0),09/01/26 11:00:00,Quarterly,Total,"Quarterly index, 2015=100",Slovakia,2020-Q4,147.47,,
ESTAT:PRC_HPI_Q(1.0),09/01/26 11:00:00,Quarterly,Total,"Quarterly index, 2015=100",Slovakia,2021-Q1,145.74,,
ESTAT:PRC_HPI_Q(1.0),09/01/26 11:00:00,Quarterly,Total,"Quarterly index, 2015=100",Slovakia,2021-Q2,150.53,,
ESTAT:PRC_HPI_Q(1.0),09/01/26 11:00:00,Quarterly,Total,"Quarterly index, 2015=100",Slovakia,2021-Q3,157.59,,
ESTAT:PRC_HPI_Q(1.0),09/01/26 11:00:00,Quarterly,Total,"Quarterly index, 2015=100",Slovakia,2021-Q4,163.21,,
ESTAT:PRC_HPI_Q(1.0),09/01/26 11:00:00,Quarterly,Total,"Quarterly index, 2015=100",Slovakia,2022-Q1,166.42,,
ESTAT:PRC_HPI_Q(1.0),09/01/26 11:00:00,Quarterly,Total,"Quarterly index, 2015=100",Slovakia,2022-Q2,175.57,,
ESTAT:PRC_HPI_Q(1.0),09/01/26 11:00:00,Quarterly,Total,"Quarterly index, 2015=100",Slovakia,2022-Q3,180.57,,
ESTAT:PRC_HPI_Q(1.0),09/01/26 11:00:00,Quarterly,Total,"Quarterly index, 2015=100",Slovakia,2022-Q4,179.07,,
ESTAT:PRC_HPI_Q(1.0),09/01/26 11:00:00,Quarterly,Total,"Quarterly index, 2015=100",Slovakia,2023-Q1,178.82,,
ESTAT:PRC_HPI_Q(1.0),09/01/26 11:00:00,Quarterly,Total,"Quarterly index, 2015=100",Slovakia,2023-Q2,171.75,,
ESTAT:PRC_HPI_Q(1.0),09/01/26 11:00:00,Quarterly,Total,"Quarterly index, 2015=100",Slovakia,2023-Q3,173.20,,
ESTAT:PRC_HPI_Q(1.0),09/01/26 11:00:00,Quarterly,Total,"Quarterly index, 2015=100",Slovakia,2023-Q4,176.56,,
ESTAT:PRC_HPI_Q(1.0),09/01/26 11:00:00,Quarterly,Total,"Quarterly index, 2015=100",Slovakia,2024-Q1,173.51,,
ESTAT:PRC_HPI_Q(1.0),09/01/26 11:00:00,Quarterly,Total,"Quarterly index, 2015=100",Slovakia,2024-Q2,178.70,,
ESTAT:PRC_HPI_Q(1.0),09/01/26 11:00:00,Quarterly,Total,"Quarterly index, 2015=100",Slovakia,2024-Q3,183.88,,
ESTAT:PRC_HPI_Q(1.0),09/01/26 11:00:00,Quarterly,Total,"Quarterly index, 2015=100",Slovakia,2024-Q4,190.58,,
ESTAT:PRC_HPI_Q(1.0),09/01/26 11:00:00,Quarterly,Total,"Quarterly index, 2015=100",Slovakia,2025-Q1,194.60,,
ESTAT:PRC_HPI_Q(1.0),09/01/26 11:00:00,Quarterly,Total,"Quarterly index, 2015=100",Slovakia,2025-Q2,198.85,,
ESTAT:PRC_HPI_Q(1.0),09/01/26 11:00:00,Quarterly,Total,"Quarterly index, 2015=100",Slovakia,2025-Q3,208.52,,
